id,nome_completo,cpf,identidade,sexo,data_nascimento,idade,email,telefone_principal,telefone_secundario,pais,estado,cidade,cep,endereco,numero,complemento,bairro,data_cadastro,status,tipo_cliente,ultima_compra,valor_total_compras,categoria_favorita,newsletter
1,James Hager,795.630.717-10,61.129.717-8,M,28/09/1974,50,james.hager@hotmail.com,(61) 95529-5738,(91) 91003-1462,Brasil,ES,Vila Velha,71546433,Condomínio Fernandes,8722,Casa 2,Aarão Reis,08/05/2012,Inativo,Regular,22/11/2023,41405.62,Casa,Não
2,Yolanda Matthews,156.946.005-10,26.491.751-7,F,14/09/1971,54,yolanda.matthews@yahoo.com.br,(21) 95602-8623,(61) 94886-2741,Brasil,MA,Timon,27179-707,Trecho Fonseca,5009,,Glória,11/11/2012,Inativo,Novo,03/05/2024,21127.33,Beleza,Sim
3,Thaddeus Tellez,703.261.631-30,84.186.267-2,M,28/07/1967,58,thaddeus.tellez@hotmail.com,(41) 99350-9072,(31) 98933-7142,Brasil,AL,Arapiraca,95586-798,Alameda de Rodrigues,5994,Casa 2,Vila Novo São Lucas,26/04/2020,Inativo,Premium,29/12/2024,21633.92,Casa,Sim
4,Lori Young,586.158.593-80,01.290.275-4,F,31/10/1963,61,lori.young@hotmail.com,(11) 92586-8607,(91) 93158-9439,Brasil,PI,Picos,47227953,Feira de da Luz,2523,,Aguas Claras,03/09/2001,Pendente,Novo,,40373.88,Roupas,Sim
5,Jacqueline Gruis,321.927.758-60,40.353.159-8,F,26/08/1974,51,jacqueline.gruis@gmail.com,(81) 94684-7606,,Brasil,CE,Juazeiro do Norte,43079907,Vereda de Correia,3803,Sala 303,Granja Werneck,14/07/2006,Inativo,Novo,09/07/2024,42264.95,Beleza,Não
6,Donna Johnson,207.276.332-00,63.401.631-4,F,20/11/1948,76,donna.johnson@gmail.com,(21) 93989-9805,(81) 93232-8105,Brasil,PA,Belém,63468847,Viaduto Pietra Pereira,7028,Casa 2,Caiçaras,01/07/1989,Pendente,Premium,16/12/2023,11962.39,Beleza,Não
7,Florence Bingham,219.012.266-00,66.160.445-2,F,15/02/2000,25,florence.bingham@outlook.com,(41) 99958-1672,(21) 93276-3389,Brasil,AL,Maceió,97605-157,Vale Benjamin Rocha,6689,,Custodinha,30/09/2022,Pendente,Regular,,23879.74,Casa,Sim
8,Derrick Dickens,602.646.044-60,08.732.987-7,M,11/01/1949,76,derrick.dickens@yahoo.com.br,(41) 91492-1672,,Brasil,DF,Brasília,81719263,Via Yuri Cirino,2864,Bloco B,Madri,27/05/2007,Ativo,VIP,26/09/2024,21829.82,Roupas,Não
9,Lucia Mcdougall,263.549.452-50,41.901.020-4,F,11/04/1949,76,lucia.mcdougall@hotmail.com,(51) 91978-1451,(31) 93947-0464,Brasil,RN,Parnamirim,97961-991,Largo de Andrade,657,,Vila Bandeirantes,29/12/1976,Ativo,Novo,09/02/2024,23406.38,Beleza,Não
10,Christina Klein,804.938.194-30,48.243.195-9,F,01/02/1989,36,christina.klein@bol.com.br,(81) 90287-2195,(11) 91412-1958,Brasil,SE,Lagarto,81809531,Alameda Davi Luiz Nogueira,6496,Bloco B,Serra Do Curral,08/02/2024,Pendente,VIP,25/09/2025,19688.28,Livros,Não
11,Neil Hale,416.510.857-00,54.810.391-8,M,08/09/1949,76,neil.hale@gmail.com,(81) 91105-6454,(71) 96441-7730,Brasil,GO,Goiânia,84999-151,Loteamento Raquel Lopes,1833,Casa 2,Marmiteiros,21/05/2005,Pendente,VIP,21/02/2024,6483.55,Eletrônicos,Não
12,Peggy Maas,536.173.115-30,03.104.077-2,F,20/07/2005,20,peggy.maas@bol.com.br,(31) 90026-7196,,Brasil,PI,Teresina,58295-751,Sítio Anna Liz Aragão,1596,Apto 101,Jardim Montanhês,15/07/2025,Inativo,Regular,14/09/2025,23656.73,Eletrônicos,Não
13,Alfred Fischer,730.518.514-00,38.729.765-3,M,01/01/1946,79,alfred.fischer@hotmail.com,(91) 96444-2218,(71) 97701-9424,Brasil,AM,Parintins,45240375,Feira Pedro Henrique Pereira,4341,Casa 2,Minas Caixa,31/05/2020,Pendente,Premium,29/02/2024,13370.13,Esportes,Sim
14,Joseph Hallowell,356.229.082-90,14.343.487-2,M,28/04/1992,33,joseph.hallowell@bol.com.br,(41) 90477-2766,(21) 94084-1467,Brasil,MT,Cuiabá,68110-066,Estrada Azevedo,6660,Casa 2,Jardim Montanhês,24/06/2019,Ativo,Premium,14/07/2024,21290.48,Beleza,Sim
15,Lester Greigo,301.702.666-30,73.530.954-7,M,15/07/1996,29,lester.greigo@outlook.com,(71) 99994-8619,(61) 91410-9880,Brasil,SP,Campinas,78261-003,Trevo Maitê Brito,6932,Casa 2,Carmo,15/03/2025,Pendente,VIP,05/07/2025,39274.24,Livros,Sim
16,Tommy Rush,496.788.139-40,19.824.984-5,M,14/01/1972,53,tommy.rush@gmail.com,(81) 96756-5831,(41) 91983-4032,Brasil,SC,Florianópolis,02699901,Estrada Leão,9197,Casa 2,Vila Barragem Santa Lúcia,31/12/2024,Pendente,Novo,29/04/2024,48645.07,Eletrônicos,Não
17,William Yeary,760.103.945-50,10.840.635-3,M,05/08/1956,69,william.yeary@gmail.com,(91) 92023-4545,+1-707-417-7697x37760,Brasil,PE,Jaboatão dos Guararapes,95484-991,Colônia Souza,9836,Apto 101,Dona Clara,10/08/2024,Ativo,Premium,25/08/2025,45986.01,Livros,Sim
18,Dawn Reece,439.400.888-30,35.701.202-3,F,22/05/1948,77,dawn.reece@yahoo.com.br,(51) 96743-2873,+1-401-255-9421,Brasil,RS,Pelotas,69644-164,Vila de Rios,1896,,Santa Maria,05/11/2019,Ativo,VIP,08/06/2025,36324.63,Livros,Não
19,Kim Wolfe,146.146.652-00,52.020.213-2,F,28/01/1976,49,kim.wolfe@bol.com.br,(71) 93539-6985,(61) 90135-5288,Brasil,AC,Sena Madureira,12523534,Estrada de Jesus,3880,Casa 2,Bonsucesso,15/01/2025,Pendente,Regular,,34233.09,Beleza,Sim
20,Timothy Brandt,485.857.309-50,55.225.321-1,M,07/02/1951,74,timothy.brandt@yahoo.com.br,(51) 90090-1183,511-211-6886,Brasil,DF,Brasília,07978-002,Vila de Azevedo,2643,Casa 2,Ouro Preto,23/06/2022,Ativo,Premium,20/08/2024,48385.47,Esportes,Sim
21,Kenneth Bane,673.097.568-70,18.366.087-6,M,05/01/1972,53,kenneth.bane@outlook.com,(61) 98238-0010,(71) 92451-4018,Brasil,PE,Olinda,93981691,Estrada Rodrigues,1193,Sala 303,Conjunto Providencia,26/04/2020,Ativo,VIP,27/07/2025,19275.76,Beleza,Não
22,Elizabeth Welch,890.372.997-80,60.794.971-4,F,19/06/1949,76,elizabeth.welch@yahoo.com.br,(71) 98987-5789,(21) 93431-0437,Brasil,MG,Belo Horizonte,92710804,Chácara da Rosa,8039,Apto 101,Campo Alegre,29/01/2011,Pendente,Premium,26/08/2025,34147.05,Livros,Não
23,Ernestine Correll,621.407.848-00,72.722.756-7,F,26/10/1960,64,ernestine.correll@hotmail.com,(31) 95691-8772,(21) 94973-3976,Brasil,PA,Ananindeua,54382-966,Área Liz Pires,7052,Bloco B,Vila Bandeirantes,03/06/2017,Inativo,Novo,03/08/2024,35913.34,Casa,Não
24,Frankie Daves,212.040.655-30,75.367.732-5,M,08/02/1958,67,frankie.daves@hotmail.com,(21) 94816-3885,(71) 91366-0548,Brasil,DF,Brasília,02721-101,Parque Barbosa,4901,Sala 303,Conjunto Minas Caixa,15/07/2024,Inativo,Premium,28/06/2024,41659.85,Livros,Não
25,David Henderson,815.024.086-10,33.471.212-3,M,06/06/1965,60,david.henderson@gmail.com,+1-508-934-7223x518,,Japão,PW,Mollyton,39094,Sean Branch,355,Casa 2,side,05/03/2017,Ativo,Novo,10/11/2023,47667.83,Livros,Não
26,Rick Fletcher,685.801.933-20,96.789.018-0,M,12/03/1978,47,rick.fletcher@outlook.com,(91) 94168-3837,(283)424-4922x14706,Brasil,PI,Picos,78554-681,Praça Marques,1457,,Vila Betânia,05/06/2024,Pendente,VIP,26/09/2024,33866.06,Casa,Sim
27,Jimmy Jefferies,031.166.938-70,93.052.612-2,M,27/12/2004,20,jimmy.jefferies@gmail.com,+1-769-278-9348x47571,+1-681-337-6580x2201,Espanha,,Lauratown,76873,Sanchez Unions,2186,Casa 2,land,22/12/2024,Inativo,Premium,31/05/2024,37476.01,Casa,Não
28,Cynthia Dunham,270.877.933-80,64.071.512-4,F,05/04/1981,44,cynthia.dunham@gmail.com,(91) 94747-3950,(51) 93375-0153,Brasil,PE,Olinda,94032-982,Vale Fernando da Luz,2214,Sala 303,Aarão Reis,28/12/2021,Pendente,Regular,12/11/2024,28256.46,Eletrônicos,Sim
29,Daniel Uerkwitz,293.071.319-40,79.183.724-1,M,08/10/1976,48,daniel.uerkwitz@gmail.com,(61) 94471-2977,(11) 99215-8659,Brasil,DF,Brasília,77502-165,Vereda de Rodrigues,3224,Bloco B,Lorena,14/06/2023,Inativo,VIP,12/02/2024,23918.76,Beleza,Não
30,Charles Faunce,562.683.749-30,15.956.069-2,M,04/11/1977,47,charles.faunce@outlook.com,(81) 93640-0095,(81) 95223-7200,Brasil,AM,Itacoatiara,61286367,Morro Costela,1675,Bloco B,São Tomaz,18/09/2024,Pendente,VIP,30/10/2024,15747.48,Livros,Sim
31,Natalie Floyd,644.376.065-40,35.294.116-1,F,29/11/1966,58,natalie.floyd@gmail.com,(61) 90007-6006,(71) 90046-0962,Brasil,RN,Mossoró,84718-511,Conjunto de Sousa,561,Casa 2,Vila Rica,04/06/2023,Pendente,Premium,14/03/2024,40220.93,Esportes,Não
32,Lucille Manning,753.937.455-10,63.019.938-6,F,09/12/1971,53,lucille.manning@gmail.com,(51) 92774-7959,+1-943-618-4513x894,Brasil,RS,Pelotas,71177-772,Rua Garcia,1538,Casa 2,Vila Betânia,17/06/2021,Inativo,Premium,,20324.47,Eletrônicos,Sim
33,Jennifer Brown,700.848.665-00,33.433.436-4,F,25/04/1981,44,jennifer.brown@gmail.com,(91) 94059-6388,(31) 95005-4270,Brasil,PB,João Pessoa,38525-237,Jardim Antony Rodrigues,330,Sala 303,Luxemburgo,12/05/2019,Inativo,Novo,24/03/2024,19844.25,Beleza,Sim
34,Jeffrey Massey,380.127.765-80,85.671.433-5,M,25/09/1968,57,jeffrey.massey@hotmail.com,(91) 96075-4329,(41) 91406-4327,Brasil,PB,Santa Rita,29384033,Avenida Pacheco,6173,Apto 101,Novo Das Industrias,11/09/2025,Inativo,VIP,08/10/2024,19918.24,Esportes,Sim
35,David Craddock,026.042.713-60,17.199.997-6,M,29/09/1957,67,david.craddock@outlook.com,(41) 99888-7127,(31) 90187-6190,Brasil,PB,João Pessoa,31534999,Vila Lima,6613,Casa 2,Minas Brasil,19/02/2024,Ativo,Regular,06/08/2024,18145.89,Roupas,Não
36,Jennifer Ehsan,956.269.009-10,15.580.625-6,F,11/05/1957,68,jennifer.ehsan@hotmail.com,(91) 93344-9210,001-784-696-7580x635,Brasil,MG,Contagem,40907-021,Chácara Liz das Neves,5493,,Vila Sesc,23/12/2018,Ativo,VIP,14/06/2024,21627.59,Roupas,Sim
37,Edison Valdes,528.957.074-80,59.484.766-7,M,09/07/1955,70,edison.valdes@hotmail.com,(41) 90830-4660,(91) 91993-1033,Brasil,CE,Juazeiro do Norte,34098-726,Estrada Freitas,2198,Apto 101,Castanheira,08/04/2003,Pendente,Novo,,9518.45,Beleza,Não
38,Janice Griffis,203.618.841-90,76.840.527-0,F,19/07/1955,70,janice.griffis@hotmail.com,(81) 98200-0622,(21) 98311-1556,Brasil,AL,Arapiraca,35103544,Largo Pereira,8270,Apto 101,Jardim Dos Comerciarios,30/07/2021,Inativo,Novo,,16163.16,Beleza,Sim
39,Mary Crumb,946.231.861-10,47.189.494-8,F,14/02/2001,24,mary.crumb@gmail.com,863.762.7086x82101,826-912-2877,Japão,ND,Davidhaven,36775,Pena Forks,6379,Apto 101,burgh,21/12/2024,Inativo,Regular,05/06/2024,12078.4,Esportes,Sim
40,William Scott,233.211.584-60,95.955.956-0,M,21/11/1969,55,william.scott@bol.com.br,+1-267-843-3056x112,(695)459-4139x22133,Espanha,AR,New Sandrastad,41181,Mercado Haven,2376,,fort,19/07/2024,Ativo,VIP,,258.22,Livros,Não
41,Billie Gomez,411.272.036-00,32.892.801-8,M,08/11/1949,75,billie.gomez@yahoo.com.br,(41) 98838-5230,(61) 93956-8049,Brasil,AL,Arapiraca,92605-802,Largo de da Cruz,2517,Bloco B,Sion,11/06/2018,Inativo,VIP,02/11/2024,12580.3,Livros,Sim
42,Russell Friou,737.725.395-90,36.133.740-1,M,02/07/1995,30,russell.friou@bol.com.br,001-998-378-9257x618,609-530-7352,China,,Sharptown,76267,Paula Grove,7910,Bloco B,haven,02/10/2021,Pendente,Premium,23/01/2025,13012.56,Livros,Sim
43,Jacob House,176.938.172-40,42.710.210-8,M,30/01/1991,34,jacob.house@gmail.com,(91) 93763-4444,(61) 91252-1813,Brasil,BA,Salvador,59926-518,Setor Guilherme Abreu,4751,Bloco B,Conjunto Serra Verde,01/10/2023,Inativo,VIP,19/05/2025,18514.56,Esportes,Não
44,Rebecca Olds,741.950.103-30,13.453.797-6,F,18/08/2003,22,rebecca.olds@gmail.com,(71) 94653-2288,,Brasil,BA,Vitória da Conquista,90308-188,Passarela Théo Mendonça,8792,Casa 2,Marmiteiros,10/05/2025,Inativo,Premium,26/11/2024,17322.49,Casa,Não
45,Ronald Barlage,565.513.619-80,33.364.412-8,M,29/11/1965,59,ronald.barlage@outlook.com,(51) 99965-7311,(81) 95418-2131,Brasil,AC,Cruzeiro do Sul,73573188,Loteamento Jesus,7001,Apto 101,Virgínia,10/10/2008,Ativo,Novo,05/04/2025,22058.93,Casa,Sim
46,Michael Alexander,663.077.408-60,16.797.912-8,M,28/06/1987,38,michael.alexander@outlook.com,(91) 93672-3255,(91) 97746-5206,Brasil,ES,Vila Velha,41920-879,Vale Mendes,496,,Vila Petropolis,08/05/2016,Ativo,Novo,05/08/2025,15086.2,Beleza,Sim
47,Elizabeth Harkness,840.535.473-50,45.995.063-4,F,09/04/1992,33,elizabeth.harkness@yahoo.com.br,386.408.5741x222,354-669-4732,China,PW,Lake Jennifer,73331,Hall Grove,6493,,view,21/02/2023,Pendente,Regular,09/04/2025,27340.53,Livros,Não
48,Jonathan Suiter,642.824.798-40,11.113.294-0,M,15/10/1993,31,jonathan.suiter@outlook.com,(81) 92035-6206,(11) 99208-0183,Brasil,ES,Vitória,06706192,Condomínio Sá,6614,Sala 303,Coração Eucarístico,21/02/2023,Inativo,VIP,11/11/2023,24907.3,Roupas,Sim
49,Donna Schmucker,574.728.844-00,46.396.523-1,F,02/11/1974,50,donna.schmucker@bol.com.br,(21) 95614-0811,(51) 97787-7046,Brasil,ES,Vila Velha,65773-177,Feira de Fernandes,6180,Sala 303,Fernão Dias,22/11/2022,Ativo,VIP,03/01/2024,31193.42,Roupas,Não
50,Ruby Felts,160.831.911-30,93.499.660-5,F,18/08/1976,49,ruby.felts@yahoo.com.br,(21) 92243-0274,(41) 90950-2278,Brasil,AL,Rio Largo,58971562,Largo Miguel Leão,663,Casa 2,Diamante,06/08/2025,Inativo,VIP,21/06/2025,38469.15,Eletrônicos,Sim
51,Robert Sansone,297.881.728-30,14.611.205-6,M,06/10/1985,39,robert.sansone@bol.com.br,(41) 97180-9350,(51) 99689-2913,Brasil,SC,Joinville,57588041,Favela de Pimenta,8796,Apto 101,Vila Rica,20/01/2023,Ativo,Regular,,6620.67,Eletrônicos,Não
52,Wesley White,083.415.026-30,54.088.128-2,M,28/07/1965,60,wesley.white@hotmail.com,(61) 93628-3469,,Brasil,RN,Parnamirim,89243-067,Chácara da Luz,1168,Apto 101,Colégio Batista,17/04/2021,Pendente,Premium,,17147.18,Roupas,Sim
53,Jessie Boivin,091.926.853-60,06.736.092-1,F,11/02/1979,46,jessie.boivin@outlook.com,714.939.6409,,Espanha,MI,Markview,53357,Johnson Dale,2334,Sala 303,land,09/12/2024,Inativo,Premium,29/09/2023,30414.09,Eletrônicos,Não
54,Nathaniel Nicolls,123.691.065-60,81.139.543-8,M,22/09/1950,75,nathaniel.nicolls@yahoo.com.br,(61) 91012-8475,287.568.0218x188,Brasil,RN,Mossoró,52669-063,Vale Sá,2033,Casa 2,Vila São Gabriel Jacui,12/05/1991,Ativo,Premium,29/04/2024,8729.49,Esportes,Sim
55,George Shinn,065.740.814-00,39.037.572-1,M,14/03/1956,69,george.shinn@outlook.com,(51) 94035-0365,527.929.6759,Brasil,RS,Caxias do Sul,35695066,Ladeira Bruna Abreu,1052,Apto 101,Suzana,27/04/2018,Pendente,Novo,22/02/2024,27704.78,Eletrônicos,Não
56,Jerry Boyd,459.680.578-40,97.500.617-6,M,25/01/1996,29,jerry.boyd@yahoo.com.br,(51) 99016-6042,,Brasil,GO,Anápolis,94920-867,Vale Bento Pimenta,194,,Novo São Lucas,26/08/2024,Inativo,Novo,26/02/2024,14599.52,Casa,Não
57,Glen Lockett,957.733.779-10,78.193.852-6,M,31/01/1993,32,glen.lockett@outlook.com,(81) 96450-4083,(41) 95491-7405,Brasil,PI,Teresina,23473137,Passarela Silva,2390,Apto 101,Palmeiras,08/02/2018,Pendente,Regular,24/04/2024,17070.92,Beleza,Sim
58,Jason Widmer,755.054.686-00,62.602.864-5,M,18/12/1952,72,jason.widmer@outlook.com,(71) 98895-8795,(21) 95813-9340,Brasil,SP,São Paulo,39745596,Colônia Câmara,4852,Apto 101,Santa Rita,20/06/2022,Pendente,Premium,06/11/2024,19415.23,Eletrônicos,Não
59,Rosanna Brown,845.477.232-40,93.412.181-7,F,28/05/2001,24,rosanna.brown@outlook.com,(11) 94731-4794,7915945371,Brasil,AP,Santana,84846910,Setor Martins,3882,,São Francisco Das Chagas,01/11/2023,Inativo,Premium,04/05/2025,31968.29,Beleza,Sim
60,Amy Rainbolt,795.280.686-60,88.269.441-6,F,25/04/1961,64,amy.rainbolt@hotmail.com,(21) 95604-3401,(11) 92694-8822,Brasil,SE,Nossa Senhora do Socorro,05675467,Colônia Hadassa da Cunha,3879,Bloco B,Concórdia,27/04/2021,Pendente,Novo,06/02/2024,44837.34,Eletrônicos,Não
61,Susan Carn,725.541.197-50,84.765.163-9,F,15/09/1976,49,susan.carn@hotmail.com,(41) 97550-6038,(71) 91694-8042,Brasil,CE,Juazeiro do Norte,54290230,Trecho Pires,5282,Bloco B,Teixeira Dias,02/05/2021,Inativo,Premium,25/12/2023,17667.32,Casa,Não
62,Lisa Lebovic,396.940.482-70,87.745.986-6,F,07/10/1982,42,lisa.lebovic@bol.com.br,(11) 95378-3210,(91) 92726-4131,Brasil,PB,João Pessoa,94662-761,Praia Apollo Montenegro,2623,Casa 2,Santa Lúcia,17/06/2019,Pendente,Novo,06/10/2023,25354.23,Eletrônicos,Sim
63,Daniel Fox,443.527.040-40,11.424.459-8,M,13/10/1962,62,daniel.fox@gmail.com,(71) 94577-2550,(51) 97124-7040,Brasil,DF,Brasília,12007150,Praça Duarte,4268,Casa 2,Corumbiara,02/05/2024,Inativo,VIP,01/11/2024,38979.5,Roupas,Sim
64,Linda Crowder,701.716.183-10,84.564.987-0,F,18/08/2003,22,linda.crowder@outlook.com,722.760.3866,+1-777-746-0321x9147,Portugal,OR,Smithfurt,12070,Jennifer Landing,7932,Apto 101,mouth,12/08/2025,Pendente,Regular,11/07/2025,20992.45,Casa,Não
65,Matthew Gonzalez,760.262.287-10,94.087.017-1,M,03/03/1958,67,matthew.gonzalez@yahoo.com.br,(71) 95827-4050,(91) 90762-0437,Brasil,RN,Natal,44697-612,Recanto da Paz,6146,Apto 101,Vila Madre Gertrudes 1ª Seção,18/09/1984,Ativo,Novo,18/06/2025,15314.06,Eletrônicos,Sim
66,Vivian Dalton,976.624.972-50,04.284.052-4,F,21/12/1996,28,vivian.dalton@gmail.com,(21) 98009-2674,(81) 95428-5114,Brasil,RS,Caxias do Sul,28524-745,Setor de Novaes,3821,Casa 2,Engenho Nogueira,25/02/2023,Ativo,Regular,25/08/2025,38171.17,Esportes,Sim
67,Linda Brammer,317.764.553-10,91.070.802-1,F,20/10/1966,58,linda.brammer@hotmail.com,(21) 93652-8085,(61) 95437-1615,Brasil,PI,Teresina,75681-402,Lagoa de Ferreira,2467,Bloco B,São Bernardo,07/12/2022,Inativo,Novo,10/01/2024,46770.66,Roupas,Não
68,Robert Wright,077.138.314-20,84.077.626-1,M,06/08/1988,37,robert.wright@hotmail.com,(91) 98613-1701,(91) 93105-3488,Brasil,GO,Anápolis,98772643,Alameda Caroline Nascimento,714,Casa 2,Antonio Ribeiro De Abreu 1ª Seção,03/11/2023,Pendente,VIP,16/04/2024,42109.44,Esportes,Sim
69,Rachel Duke,045.030.807-30,91.369.815-6,F,18/02/1958,67,rachel.duke@yahoo.com.br,(41) 99218-9882,(61) 99230-3519,Brasil,CE,Juazeiro do Norte,43804-316,Esplanada de Cavalcanti,4025,,Vila Bandeirantes,04/05/1998,Ativo,Regular,20/09/2024,34179.42,Esportes,Não
70,Vanessa Howard,910.299.832-70,64.332.213-2,F,28/02/1994,31,vanessa.howard@bol.com.br,(91) 96935-5122,,Brasil,AM,Parintins,67089933,Rodovia de Cardoso,1827,Casa 2,Paulo Vi,02/09/2024,Inativo,Novo,12/06/2024,48325.88,Esportes,Sim
71,Denise Bruce,948.191.169-10,28.335.751-2,F,26/09/1976,49,denise.bruce@gmail.com,(71) 92890-7911,(31) 91156-9105,Brasil,RR,Boa Vista,15045495,Alameda de Cassiano,2463,Sala 303,Chácara Leonina,10/10/2015,Pendente,Premium,09/08/2025,48463.8,Beleza,Não
72,Stephen Hunt,528.878.407-80,48.327.532-9,M,27/03/1980,45,stephen.hunt@outlook.com,(21) 91377-6976,(91) 95326-7570,Brasil,MA,Timon,05968527,Esplanada Ravi Lucca Siqueira,2069,Casa 2,São Jorge 3ª Seção,09/11/2023,Ativo,Regular,,12505.24,Livros,Sim
73,Blanca Alvarez,343.108.376-50,65.505.788-3,F,24/09/1959,66,blanca.alvarez@outlook.com,(31) 91226-5953,(91) 97750-4286,Brasil,BA,Feira de Santana,77487-925,Fazenda Costela,8823,,Vila Nova Cachoeirinha 2ª Seção,05/04/2013,Ativo,Novo,10/06/2024,27994.04,Esportes,Não
74,Edward Gray,037.015.768-00,82.012.288-4,M,17/06/1985,40,edward.gray@hotmail.com,(395)837-3900x8631,,Canadá,VA,South Staceytown,24775,Jones Estate,6463,Bloco B,view,13/11/2023,Pendente,Regular,15/12/2023,38430.72,Livros,Sim
75,Wanda Lang,204.280.039-20,87.946.817-5,F,14/03/2007,18,wanda.lang@yahoo.com.br,(81) 96619-1959,(61) 92226-4188,Brasil,GO,Aparecida de Goiânia,21441-469,Lagoa de Macedo,9021,Sala 303,Jardim Atlântico,09/03/2025,Inativo,VIP,,19689.26,Beleza,Não
76,Krystal Maze,506.813.429-50,96.595.286-8,F,01/01/1978,47,krystal.maze@bol.com.br,001-949-328-1107,,França,FM,Port Latoya,88960,Michelle Pine,4280,Bloco B,ton,26/10/2011,Ativo,Novo,,47301.98,Casa,Sim
77,Claretta Webster,304.153.020-10,83.817.452-0,F,14/10/1953,71,claretta.webster@gmail.com,(81) 96724-7736,(91) 94404-4298,Brasil,RN,Natal,30887608,Praça Teixeira,7969,Sala 303,Minaslandia,09/09/2018,Pendente,Regular,06/01/2025,13642.46,Eletrônicos,Sim
78,Henry Hicks,505.489.583-30,68.452.808-9,M,31/08/1953,72,henry.hicks@hotmail.com,(21) 90862-3690,(91) 99729-7127,Brasil,RS,Caxias do Sul,97747289,Quadra Benício Mendes,9098,Casa 2,Vila Santa Rosa,02/07/2004,Ativo,Novo,,48679.77,Livros,Sim
79,Katherine Batten,313.625.209-80,05.354.493-5,F,08/10/1999,25,katherine.batten@bol.com.br,(31) 93070-7213,(51) 90479-7851,Brasil,SP,Campinas,04694401,Pátio Ísis Cavalcante,1390,Sala 303,Vila Nova Cachoeirinha 1ª Seção,29/06/2022,Ativo,VIP,,1477.68,Livros,Não
80,James Bryan,410.650.818-40,83.377.841-3,M,06/02/1948,77,james.bryan@bol.com.br,(71) 98776-8274,665.912.5462x0007,Brasil,MA,São Luís,94452-695,Lago Valentim Cassiano,4399,Casa 2,Candelaria,05/11/2000,Pendente,Premium,12/10/2023,33968.51,Beleza,Sim
81,Jamie Boyer,860.708.656-10,04.112.016-4,F,08/07/1956,69,jamie.boyer@yahoo.com.br,(51) 98168-7132,(91) 93581-4303,Brasil,GO,Goiânia,45090-082,Condomínio Brito,9504,Casa 2,Jardim Atlântico,18/06/2023,Ativo,VIP,30/06/2025,31557.22,Casa,Sim
82,Kenneth Lutz,202.191.926-90,98.496.227-5,M,27/08/1970,55,kenneth.lutz@outlook.com,(51) 92133-7444,(51) 90530-3204,Brasil,AM,Itacoatiara,96297-598,Estação Borges,2133,Casa 2,Bandeirantes,06/01/1996,Ativo,VIP,03/05/2024,8420.38,Roupas,Sim
83,Virginia Kattner,953.429.219-20,28.231.114-6,F,05/02/1962,63,virginia.kattner@hotmail.com,(81) 91428-2330,(51) 98443-4925,Brasil,RN,Parnamirim,74130451,Viela Ana Cecília da Cruz,2328,Sala 303,Mala E Cuia,06/02/2017,Inativo,VIP,03/01/2024,12908.31,Esportes,Sim
84,Tim Cox,480.180.969-30,88.354.743-9,M,21/06/1981,44,tim.cox@yahoo.com.br,495-235-2757x944,551.872.4068,Austrália,,Port Brian,66846,Anthony Pike,384,Bloco B,berg,30/09/2022,Pendente,Novo,19/01/2024,49641.55,Eletrônicos,Não
85,Allen Thomas,979.127.075-90,99.171.181-8,M,30/01/1988,37,allen.thomas@bol.com.br,(91) 99032-6472,,Brasil,GO,Goiânia,87880-899,Distrito Ágatha Sales,4419,,Milionario,08/01/2024,Inativo,VIP,,19891.63,Beleza,Não
86,Doris Reason,161.238.379-30,46.177.464-5,F,22/09/2001,24,doris.reason@outlook.com,(61) 93571-0868,610-813-4605x1284,Brasil,RO,Porto Velho,73279-986,Favela Isaac Garcia,6564,,Nossa Senhora Da Conceição,23/10/2020,Ativo,Premium,,32232.56,Roupas,Sim
87,Johnathon Solomon,596.132.129-00,71.678.980-5,M,29/04/1966,59,johnathon.solomon@yahoo.com.br,(61) 96951-7157,(91) 98171-0759,Brasil,PR,Londrina,23642-210,Rua Ana Beatriz Monteiro,9239,Apto 101,Vila Boa Vista,01/09/1994,Pendente,Premium,04/11/2023,41871.93,Beleza,Sim
88,Stephanie Wireman,509.882.452-40,54.264.749-3,F,04/03/1945,80,stephanie.wireman@outlook.com,(41) 96400-8166,(11) 96343-1030,Brasil,SP,São Paulo,04501668,Fazenda Vicente Fernandes,6691,Casa 2,Bela Vitoria,14/04/2008,Inativo,Premium,27/08/2024,11377.97,Beleza,Sim
89,Melanie Stanford,521.782.290-20,01.249.003-0,F,28/05/1977,48,melanie.stanford@hotmail.com,(81) 92123-6725,(11) 92270-9189,Brasil,PE,Recife,88421548,Estrada de Santos,6295,Bloco B,Vila Olhos D'água,10/01/2019,Pendente,Novo,18/06/2025,6693.04,Eletrônicos,Não
90,Lisa Mcfarling,863.408.752-20,83.041.127-2,F,27/10/1991,33,lisa.mcfarling@bol.com.br,(41) 90092-5070,(41) 98427-8760,Brasil,SP,São Paulo,65013766,Viela de Andrade,8194,Sala 303,Conjunto Serra Verde,26/12/2020,Inativo,VIP,02/09/2024,11051.68,Casa,Sim
91,Julie Jarrell,138.820.194-10,75.077.816-1,F,02/07/1968,57,julie.jarrell@bol.com.br,(41) 90646-4226,7955340246,Brasil,PE,Olinda,05037-816,Via de Santos,8515,Casa 2,Santa Rita De Cássia,11/01/2018,Inativo,Novo,11/05/2024,48819.72,Casa,Não
92,Deborah Walken,405.133.782-00,03.459.978-5,F,04/05/2002,23,deborah.walken@gmail.com,(71) 96504-5067,(31) 99187-0938,Brasil,AM,Parintins,64733206,Morro da Cunha,9982,Sala 303,Nova Cintra,09/09/2024,Ativo,Novo,26/11/2024,354.53,Livros,Não
93,Mary Frediani,903.304.282-70,37.208.468-7,F,15/10/2004,20,mary.frediani@bol.com.br,(71) 92169-4609,(91) 91718-9524,Brasil,MS,Dourados,00831-928,Estação Rodrigo Brito,5341,Casa 2,Jardim São José,19/04/2024,Pendente,Regular,,43502.49,Casa,Não
94,Susan Donahue,837.414.435-10,02.389.584-3,F,14/10/1963,61,susan.donahue@outlook.com,(51) 98910-3355,(71) 98653-6430,Brasil,GO,Aparecida de Goiânia,55840-073,Loteamento de Nascimento,6981,,Sport Club,16/08/2021,Inativo,Regular,01/03/2024,45705.09,Livros,Não
95,Frederick Keatts,574.355.538-90,87.809.527-5,M,11/12/2002,22,frederick.keatts@hotmail.com,(51) 94873-3118,(778)720-7558x444,Brasil,AC,Sena Madureira,21755651,Residencial Silveira,6609,Apto 101,Vera Cruz,05/12/2024,Pendente,VIP,14/04/2024,5548.38,Eletrônicos,Sim
96,Jeff Smith,905.204.328-00,35.945.763-6,M,23/01/1997,28,jeff.smith@gmail.com,(91) 97091-9550,(41) 90929-2393,Brasil,SC,Florianópolis,19490732,Trecho Barros,1876,Casa 2,Vila Barragem Santa Lúcia,03/08/2023,Ativo,VIP,04/11/2024,47090.35,Beleza,Sim
97,Kathy Griggs,124.892.474-60,72.312.225-6,F,05/06/1948,77,kathy.griggs@hotmail.com,(81) 91711-8225,(11) 96563-3382,Brasil,MA,São Luís,08318814,Residencial de Sousa,9286,,Alto Dos Pinheiros,29/04/2018,Inativo,Regular,19/04/2025,42324.43,Eletrônicos,Não
98,Trish Riddle,954.730.252-30,17.507.977-4,F,19/10/1950,74,trish.riddle@hotmail.com,(51) 93388-4765,(61) 96609-5004,Brasil,RN,Mossoró,97763490,Praça de da Rosa,4860,Sala 303,Vila Coqueiral,27/04/2016,Inativo,VIP,04/10/2024,23511.7,Eletrônicos,Sim
99,Ruth Wood,647.780.562-60,41.152.989-1,F,20/04/1971,54,ruth.wood@yahoo.com.br,(61) 96010-7611,(91) 92880-3821,Brasil,AL,Maceió,46165-131,Sítio Jesus,9705,,Mirtes,17/04/2022,Pendente,Novo,01/01/2024,49017.49,Livros,Não
100,Fredrick Hardy,055.901.621-20,07.001.637-5,M,02/12/1972,52,fredrick.hardy@bol.com.br,(21) 96643-0326,(11) 94782-6768,Brasil,PR,Maringá,39881-064,Lago de Jesus,9321,Casa 2,Vila Santa Monica 1ª Seção,27/07/2007,Inativo,Regular,02/12/2024,2114.21,Roupas,Não
101,Deborah Lydon,395.192.608-20,63.952.837-3,F,21/09/1953,72,deborah.lydon@bol.com.br,(61) 93938-8324,(71) 92610-1571,Brasil,CE,Juazeiro do Norte,45094-538,Loteamento Pinto,3303,Apto 101,Vila Sumaré,21/10/1987,Pendente,Novo,02/09/2025,31185.19,Casa,Não
102,Ann Odum,281.733.745-00,03.525.160-3,F,17/07/1972,53,ann.odum@bol.com.br,(71) 93645-8745,625-364-5547x8576,Brasil,AP,Santana,53582719,Loteamento Arthur Miguel Cirino,320,Apto 101,Vila Madre Gertrudes 2ª Seção,17/01/2008,Ativo,Regular,15/03/2025,36533.79,Roupas,Sim
103,Carmen Davis,199.390.697-50,88.089.840-5,F,03/09/1952,73,carmen.davis@hotmail.com,(31) 99954-2742,(61) 98143-2878,Brasil,AC,Rio Branco,24925888,Núcleo Felipe Marques,5943,Bloco B,Minas Brasil,15/01/1992,Ativo,Premium,03/04/2025,41253.3,Beleza,Não
104,Hilda Tullis,747.034.608-20,19.570.720-3,F,31/07/1977,48,hilda.tullis@outlook.com,(71) 90080-3951,(71) 98633-6588,Brasil,RJ,São Gonçalo,33898418,Colônia de Guerra,6138,,Dom Silverio,30/05/2014,Pendente,Novo,,12428.27,Eletrônicos,Não
105,Amy Piekarski,510.021.797-90,20.656.797-8,F,26/05/1973,52,amy.piekarski@outlook.com,(61) 94579-6692,(11) 92062-1066,Brasil,RS,Caxias do Sul,07453-496,Viaduto Enrico Rodrigues,1225,,Jardim Montanhês,27/07/2023,Pendente,Premium,06/01/2024,8135.18,Livros,Sim
106,Edwin Zuniga,729.789.261-00,74.542.136-9,M,26/02/1981,44,edwin.zuniga@gmail.com,(71) 94863-9756,(41) 90599-8814,Brasil,PR,Maringá,26223536,Feira Laura Farias,2969,Bloco B,Minaslandia,28/12/2019,Pendente,Regular,05/03/2025,3851.67,Eletrônicos,Sim
107,Harold Barnes,532.674.387-60,25.617.072-5,M,28/06/1988,37,harold.barnes@outlook.com,(71) 96616-5946,+1-961-366-0431,Brasil,AP,Santana,62734132,Condomínio Sarah Cavalcante,590,Apto 101,Vila Paris,26/05/2016,Pendente,VIP,01/05/2024,46531.17,Eletrônicos,Não
108,Lorraine Dusek,100.651.874-60,96.955.825-5,F,30/06/1981,44,lorraine.dusek@hotmail.com,(61) 93391-7266,(61) 91488-6491,Brasil,RN,Parnamirim,20024-146,Favela de da Rocha,4007,Bloco B,Jonas Veiga,22/12/2022,Inativo,Premium,04/11/2024,40364.22,Livros,Não
109,Rosie Hall,417.630.977-60,83.940.688-3,F,29/07/1970,55,rosie.hall@bol.com.br,(61) 90476-3704,(91) 91577-6582,Brasil,SE,Lagarto,90331-498,Residencial de Sá,6789,Bloco B,Dom Silverio,12/08/2018,Pendente,Premium,,19764.69,Beleza,Sim
110,Sandra Mccaskill,606.320.373-70,94.951.557-7,F,08/07/1968,57,sandra.mccaskill@hotmail.com,(61) 98801-4551,,Brasil,MG,Contagem,09145-813,Praça de Lopes,8491,Sala 303,Garças,09/05/2007,Inativo,VIP,19/09/2025,25035.32,Eletrônicos,Sim
111,Gabriel Webster,911.412.266-90,91.825.676-7,M,04/07/1971,54,gabriel.webster@gmail.com,(81) 97805-9322,(31) 97930-7280,Brasil,GO,Aparecida de Goiânia,87944615,Vereda de Montenegro,281,Casa 2,Minas Caixa,22/08/2021,Inativo,VIP,12/05/2024,20419.92,Roupas,Não
112,Jon Sanchez,630.830.845-50,97.290.034-0,M,26/01/2006,19,jon.sanchez@outlook.com,(91) 93550-9056,,Brasil,RS,Porto Alegre,51465-400,Viaduto Beatriz Fernandes,4584,,Vila Santo Antônio,06/09/2024,Ativo,Regular,,28856.79,Casa,Sim
113,Richard Curry,185.906.955-00,89.688.004-1,M,28/07/1960,65,richard.curry@outlook.com,(61) 95744-2363,,Brasil,BA,Feira de Santana,25063-152,Pátio de das Neves,3261,,Beija Flor,28/12/2022,Pendente,Novo,30/08/2024,28728.18,Esportes,Não
114,Anne Yang,712.378.267-40,15.530.347-1,F,29/11/1964,60,anne.yang@gmail.com,(21) 95537-7189,244-896-4501,Brasil,DF,Brasília,98204808,Alameda de Costela,9441,,Calafate,16/09/2011,Inativo,VIP,11/06/2025,28904.09,Casa,Não
115,Thomas Harris,394.723.022-20,71.877.810-3,M,28/02/1955,70,thomas.harris@gmail.com,(41) 97466-2604,(91) 99537-9270,Brasil,AP,Macapá,89929481,Lagoa Luna Gonçalves,7429,Sala 303,Mirante,01/07/2019,Pendente,Regular,02/02/2025,39628.42,Casa,Sim
116,Sherrie Alier,668.978.109-70,99.784.601-1,F,11/08/1986,39,sherrie.alier@outlook.com,(61) 99410-8401,(61) 99981-1343,Brasil,BA,Feira de Santana,45375-728,Trecho Pedro Porto,7542,Sala 303,Nazare,28/12/2024,Pendente,Novo,,18398.75,Roupas,Não
117,Margarett Davis,034.021.776-60,52.437.691-4,F,31/03/1954,71,margarett.davis@yahoo.com.br,(31) 92586-6784,537.851.8901x6107,Brasil,DF,Brasília,09951596,Recanto Pacheco,2661,Sala 303,Nova Cintra,17/07/1985,Inativo,VIP,28/03/2024,4083.46,Livros,Não
118,Patience Owens,402.517.412-00,59.968.932-6,F,23/06/1986,39,patience.owens@hotmail.com,(81) 95374-5013,(31) 98186-3822,Brasil,MT,Várzea Grande,44671655,Colônia Nascimento,5976,Sala 303,Nova Cachoeirinha,25/10/2016,Pendente,Regular,,8497.61,Casa,Não
119,David Perez,072.478.509-40,60.635.075-5,M,16/02/1967,58,david.perez@outlook.com,(91) 99801-2634,+1-563-814-5245x9702,Brasil,PB,Campina Grande,01127-703,Chácara de Marques,6951,Bloco B,Boa Viagem,28/02/2020,Pendente,Premium,18/10/2024,40511.57,Casa,Sim
120,Phyllis Bell,926.952.455-80,47.593.734-0,F,02/07/1960,65,phyllis.bell@bol.com.br,001-252-811-7764x8063,862-401-3131,Chile,NY,Jenkinsland,19963,Wagner Summit,4073,Apto 101,fort,16/04/2025,Ativo,VIP,10/12/2024,9105.84,Esportes,Sim
121,Raguel Bickford,736.627.725-80,35.327.268-6,F,21/10/1956,68,raguel.bickford@outlook.com,(11) 90743-3877,(51) 94703-6438,Brasil,RS,Caxias do Sul,96212-901,Esplanada de Gonçalves,8030,Casa 2,Vila São Gabriel,14/04/2024,Inativo,VIP,11/03/2025,25211.18,Beleza,Sim
122,Myrtle Driver,415.517.053-10,51.119.810-0,F,19/05/1983,42,myrtle.driver@outlook.com,(11) 93263-2163,(91) 96277-8587,Brasil,AC,Cruzeiro do Sul,80394053,Conjunto Pires,5667,Bloco B,Vila Nova Gameleira 1ª Seção,29/07/2022,Inativo,Novo,25/08/2025,14629.81,Eletrônicos,Não
123,Hilda Mcpherson,615.282.390-00,40.751.904-1,F,10/04/1966,59,hilda.mcpherson@yahoo.com.br,(51) 91832-5530,(61) 98988-0140,Brasil,MG,Belo Horizonte,83578794,Colônia Carvalho,2160,Bloco B,Aguas Claras,21/05/2017,Pendente,Regular,,37484.14,Livros,Não
124,Miriam Loveday,439.300.051-00,65.638.761-0,F,06/11/2002,22,miriam.loveday@hotmail.com,(91) 95941-7215,2169840790,Brasil,RN,Parnamirim,85123254,Sítio de Lopes,7607,Sala 303,Monte São José,28/02/2024,Pendente,Regular,23/01/2024,29445.6,Livros,Sim
125,Otis Ferrell,707.572.244-10,05.633.646-2,M,01/07/2007,18,otis.ferrell@hotmail.com,(71) 93833-0600,(31) 95357-0427,Brasil,PR,Maringá,67532-548,Viela Sales,4109,Sala 303,Vila Aeroporto Jaraguá,26/06/2025,Ativo,Novo,28/02/2025,48843.04,Eletrônicos,Sim
126,Page Wagner,702.754.934-40,25.796.862-4,F,05/12/1986,38,page.wagner@bol.com.br,(11) 96821-6118,(41) 93324-6012,Brasil,TO,Gurupi,85571-945,Recanto João Miguel Costela,9547,Sala 303,Distrito Industrial Do Jatoba,09/11/2023,Ativo,Novo,01/04/2025,34392.68,Beleza,Não
127,Mary Mclean,356.649.251-50,60.869.261-4,F,30/03/1948,77,mary.mclean@outlook.com,(71) 91381-6000,,Brasil,AP,Laranjal do Jari,13578-397,Favela Otávio Camargo,4801,,Ermelinda,25/06/2023,Inativo,VIP,,10578.69,Casa,Não
128,Christa Williams,975.822.219-80,64.323.040-2,F,22/02/1976,49,christa.williams@bol.com.br,(61) 98582-6772,733.467.4235x833,Brasil,RS,Porto Alegre,80204-033,Lagoa de Sousa,2646,Sala 303,Flavio Marques Lisboa,18/12/2006,Inativo,Premium,02/02/2024,46960.0,Livros,Não
129,Rex Bench,481.721.717-00,26.317.498-6,M,30/12/1962,62,rex.bench@yahoo.com.br,(71) 94019-3117,(51) 95926-4463,Brasil,PB,Campina Grande,11796342,Lago Aparecida,3436,,Vila Paris,13/09/2009,Ativo,Regular,11/02/2025,34001.06,Casa,Não
130,Debbi Harjo,743.701.638-90,11.197.615-5,F,01/03/1958,67,debbi.harjo@bol.com.br,(81) 98675-8112,(41) 93685-8263,Brasil,SP,São Paulo,92816327,Alameda Cecília Vargas,5515,Casa 2,Fazendinha,09/08/2014,Pendente,Regular,29/10/2023,16487.24,Beleza,Sim
131,Felicitas Baucom,287.923.187-60,50.858.925-7,F,05/02/1996,29,felicitas.baucom@hotmail.com,(11) 94380-5148,(51) 93418-7291,Brasil,SP,São Paulo,96275-757,Vereda Maria Alice Correia,8042,Casa 2,Luxemburgo,30/12/2023,Pendente,VIP,03/05/2024,38512.94,Livros,Não
132,Charles Risenhoover,903.601.696-70,57.412.048-4,M,26/12/1985,39,charles.risenhoover@outlook.com,(91) 96433-7692,(71) 96415-0044,Brasil,MA,Imperatriz,11391830,Sítio de Azevedo,4657,Apto 101,Alto Barroca,14/04/2024,Pendente,Regular,10/03/2025,44671.29,Esportes,Não
133,Brenda Young,880.496.653-00,20.532.517-6,F,13/01/2000,25,brenda.young@bol.com.br,(41) 90019-8421,(91) 93676-4458,Brasil,MA,Imperatriz,33510221,Largo de Montenegro,8156,Apto 101,Vila Petropolis,22/05/2019,Ativo,Novo,18/12/2024,31881.9,Livros,Não
134,Rocky Brown,588.530.097-60,55.857.011-3,M,01/10/1995,29,rocky.brown@yahoo.com.br,(91) 96806-4865,(21) 96617-6048,Brasil,AM,Manaus,51932-143,Condomínio Catarina Azevedo,6090,Sala 303,Lagoa,17/07/2022,Ativo,VIP,13/09/2025,29313.39,Eletrônicos,Não
135,Margarete Hughes,313.493.109-50,74.220.310-9,F,05/03/1994,31,margarete.hughes@outlook.com,(21) 96604-4720,(61) 99826-1998,Brasil,SP,São Paulo,73909594,Lagoa Viana,9739,Sala 303,Santa Branca,27/06/2021,Ativo,VIP,19/03/2025,24260.86,Roupas,Não
136,Alice Ferguson,174.985.128-80,77.600.865-7,F,01/06/1996,29,alice.ferguson@bol.com.br,001-603-213-0184x8216,001-864-951-8194x968,Argentina,DE,Lake Cynthiastad,73607,Reyes Common,9654,Apto 101,burgh,31/07/2020,Ativo,VIP,24/09/2024,15476.75,Livros,Não
137,Willie Rivera,388.337.488-10,59.106.144-3,M,26/02/1948,77,willie.rivera@yahoo.com.br,(51) 90487-0994,(51) 94882-6457,Brasil,PR,Maringá,82011730,Praça de da Rosa,4993,Casa 2,Camponesa 2ª Seção,17/10/2010,Inativo,Novo,21/08/2024,23954.05,Eletrônicos,Sim
138,Sarah Larrivee,216.230.182-20,83.747.774-2,F,23/08/1952,73,sarah.larrivee@hotmail.com,(71) 90329-5399,(21) 99297-4310,Brasil,CE,Caucaia,22102007,Praia de Pimenta,9973,Apto 101,Vila Paris,09/05/2021,Inativo,VIP,11/03/2025,6744.07,Roupas,Sim
139,Thelma Hein,377.465.203-10,44.561.493-8,F,05/03/1974,51,thelma.hein@bol.com.br,(61) 90031-3845,(51) 99024-6016,Brasil,PR,Maringá,78657-007,Largo Mariana Ribeiro,3699,Casa 2,Conjunto Lagoa,20/05/2022,Ativo,VIP,29/07/2024,38653.42,Livros,Não
140,Francis Hart,301.145.557-00,43.072.406-7,M,27/03/1998,27,francis.hart@bol.com.br,(21) 95820-8918,(21) 94819-7073,Brasil,RN,Natal,91402488,Colônia Cirino,4262,Sala 303,Vila Ouro Minas,05/03/2025,Inativo,VIP,09/12/2024,3321.37,Eletrônicos,Sim
141,Joan Sheckler,449.880.440-60,79.119.049-5,F,10/09/1972,53,joan.sheckler@yahoo.com.br,(21) 96348-2008,(41) 99831-3457,Brasil,SE,Aracaju,83439-739,Fazenda Ana Sophia Caldeira,246,,Santa Rita,18/01/2025,Inativo,Premium,01/03/2024,43184.0,Livros,Não
142,Clayton Davis,097.312.381-80,98.547.827-3,M,17/02/1971,54,clayton.davis@gmail.com,(71) 95544-0374,(21) 91304-4281,Brasil,RJ,Duque de Caxias,08819802,Viela Rodrigues,7473,Sala 303,Itatiaia,07/01/2016,Ativo,Regular,16/01/2024,21372.3,Eletrônicos,Sim
143,Charles Bookman,240.060.627-70,34.586.386-3,M,26/12/1979,45,charles.bookman@gmail.com,(31) 98741-4989,386-453-8810x427,Brasil,RO,Ariquemes,51343-375,Praça Benjamim Cavalcante,3541,Apto 101,Jardim Vitoria,14/12/2024,Ativo,Regular,11/10/2023,24384.23,Eletrônicos,Sim
144,Antonette Reveal,162.084.995-00,78.845.824-4,F,04/07/2006,19,antonette.reveal@outlook.com,(81) 90045-5371,,Brasil,MA,São Luís,12880-186,Lagoa João Sampaio,4440,Casa 2,Ernesto Nascimento,09/01/2025,Ativo,VIP,18/12/2023,44107.03,Esportes,Não
145,Christine Monzon,047.317.264-00,92.807.737-1,F,05/09/1982,43,christine.monzon@bol.com.br,(71) 99434-6045,(51) 95878-4409,Brasil,SC,Blumenau,60556-283,Lago de Moraes,4096,Casa 2,Madre Gertrudes,14/04/2025,Inativo,Premium,06/11/2024,9328.74,Roupas,Sim
146,Brandon Ramos,028.965.687-70,24.520.621-9,M,04/08/1958,67,brandon.ramos@hotmail.com,(41) 91535-1162,(21) 96671-5596,Brasil,RJ,Rio de Janeiro,54840973,Distrito Gonçalves,8835,,Alta Tensão 1ª Seção,22/06/2022,Pendente,Regular,05/09/2025,22830.64,Eletrônicos,Sim
147,James Blackman,607.214.373-30,60.982.268-1,M,19/08/1965,60,james.blackman@outlook.com,(21) 98947-1065,(81) 98457-3025,Brasil,SP,Guarulhos,03477-730,Vereda Novais,5632,Bloco B,São José,13/06/2015,Inativo,VIP,,5934.37,Roupas,Não
148,Berta Gordon,810.364.615-60,38.223.496-1,F,18/05/1972,53,berta.gordon@hotmail.com,(31) 92259-7711,,Brasil,TO,Gurupi,70438507,Viaduto de Sousa,5191,Casa 2,Vila Esplanada,11/09/2024,Inativo,Regular,14/08/2025,8189.14,Beleza,Sim
149,Margaret Hendon,122.460.359-10,96.461.791-3,F,23/04/1959,66,margaret.hendon@bol.com.br,(11) 92488-7878,+1-770-828-6631x445,Brasil,PI,Picos,49706603,Viaduto Almeida,5618,Apto 101,Marilandia,21/08/2006,Pendente,Regular,08/03/2024,41760.92,Esportes,Não
150,Connie Gracia,749.904.778-40,87.440.380-8,F,18/07/1961,64,connie.gracia@outlook.com,(91) 96986-3148,(31) 95700-2164,Brasil,PR,Londrina,17295519,Parque de Cavalcante,1142,Bloco B,Serra Verde,18/08/2016,Inativo,VIP,14/06/2024,40398.73,Esportes,Não
151,Sherri Chavez,873.523.682-50,44.006.169-9,F,18/04/1972,53,sherri.chavez@bol.com.br,(31) 96006-2377,(51) 95025-4070,Brasil,RR,Caracaraí,77420734,Loteamento Ramos,320,Bloco B,Mala E Cuia,06/02/2010,Ativo,Regular,06/03/2025,30686.9,Eletrônicos,Sim
152,Barbara Avery,717.181.395-90,16.359.995-3,F,17/08/1976,49,barbara.avery@hotmail.com,(71) 90260-4685,,Brasil,AL,Rio Largo,21737-189,Núcleo Calebe da Cunha,5493,Apto 101,Conjunto Califórnia Ii,30/03/2011,Ativo,Regular,17/01/2025,17655.13,Roupas,Sim
153,Madeline Mcbride,723.693.342-20,25.047.573-0,F,06/07/1989,36,madeline.mcbride@hotmail.com,(61) 92118-1977,(91) 92947-2168,Brasil,MA,São Luís,87862-204,Lago de da Luz,8439,Casa 2,Conjunto Taquaril,25/12/2017,Ativo,Regular,12/10/2023,17509.18,Esportes,Não
154,Thelma Rocha,683.537.843-30,40.424.854-2,F,15/08/2000,25,thelma.rocha@outlook.com,(21) 91731-2099,(91) 90483-8069,Brasil,MS,Campo Grande,41728237,Largo Thomas da Mata,1951,Bloco B,Camponesa 2ª Seção,15/02/2024,Inativo,VIP,30/06/2024,21626.61,Esportes,Não
155,Linda Drake,973.867.267-80,14.061.745-3,F,20/02/1968,57,linda.drake@yahoo.com.br,(21) 90659-5064,(91) 95327-6751,Brasil,RN,Natal,20178-661,Lago de Câmara,7294,Apto 101,Olaria,27/01/2006,Ativo,Premium,22/01/2025,30733.18,Livros,Sim
156,Mary Castro,127.453.255-80,77.939.200-4,F,23/12/1966,58,mary.castro@bol.com.br,(71) 98505-7155,,Brasil,BA,Vitória da Conquista,74237893,Lago de Farias,1221,Apto 101,Vila Nova Gameleira 2ª Seção,08/07/2024,Pendente,Novo,22/01/2024,33228.85,Roupas,Não
157,Robert Hansen,221.668.288-80,51.762.547-8,M,28/04/1981,44,robert.hansen@hotmail.com,(71) 95332-8588,(661)717-0576,Brasil,AP,Laranjal do Jari,58785-276,Área de Farias,9334,Bloco B,Novo Aarão Reis,17/02/2024,Inativo,VIP,09/02/2025,38227.68,Roupas,Não
158,Douglas Ford,147.119.053-60,20.802.810-3,M,28/12/2003,21,douglas.ford@gmail.com,(61) 91905-2774,(61) 95980-9230,Brasil,DF,Brasília,74085-691,Área Pastor,3718,Sala 303,Vila Engenho Nogueira,14/08/2024,Ativo,Novo,04/11/2024,7227.65,Beleza,Sim
159,Samantha Friend,767.525.457-00,17.928.985-7,F,26/03/2002,23,samantha.friend@bol.com.br,001-403-306-5942x23627,,Espanha,,Brandistad,82753,Green Wells,4540,Bloco B,haven,26/12/2021,Ativo,VIP,05/10/2023,8623.91,Eletrônicos,Não
160,Logan Mccoy,887.331.379-50,14.262.449-8,M,07/04/2003,22,logan.mccoy@bol.com.br,(51) 97810-5404,(41) 96675-8958,Brasil,CE,Caucaia,05244635,Praça Caldeira,7066,Casa 2,Funcionários,01/04/2025,Inativo,Novo,04/06/2025,49974.81,Eletrônicos,Sim
161,Johnny Dixon,220.568.944-40,68.965.825-8,M,05/10/1976,48,johnny.dixon@gmail.com,(51) 90453-7552,(51) 90299-9504,Brasil,SP,Guarulhos,34803372,Praça Raul Aragão,3911,,Barão Homem De Melo 1ª Seção,23/09/2024,Inativo,Premium,04/11/2024,48334.88,Eletrônicos,Não
162,Anthony Alligood,641.099.480-00,72.344.696-2,M,08/08/1991,34,anthony.alligood@hotmail.com,(91) 96115-8667,(21) 99743-2062,Brasil,MT,Rondonópolis,30998-933,Fazenda Freitas,3588,Bloco B,Vila União,05/02/2021,Pendente,VIP,28/03/2025,33574.19,Casa,Não
163,Norma Yusef,218.528.847-40,45.849.043-6,F,24/05/1966,59,norma.yusef@gmail.com,(41) 90609-7633,(61) 98431-7480,Brasil,AL,Arapiraca,68799379,Praia Leão,8670,Casa 2,Vila Calafate,13/05/2022,Ativo,Novo,30/11/2023,21603.28,Casa,Sim
164,Mary Dowden,376.413.735-50,11.904.601-8,F,19/03/1951,74,mary.dowden@outlook.com,(31) 94168-6312,001-343-649-2359,Brasil,SE,Lagarto,31688-843,Trevo da Cruz,7594,Bloco B,Alto Caiçaras,12/05/2007,Inativo,Premium,,19155.97,Eletrônicos,Não
165,Elizabeth Davis,832.762.097-50,09.296.908-0,F,01/08/1965,60,elizabeth.davis@bol.com.br,(81) 99012-3742,(31) 90300-3043,Brasil,AL,Rio Largo,33263630,Sítio de Casa Grande,4408,Casa 2,Inconfidência,12/04/2011,Pendente,VIP,,33278.8,Eletrônicos,Não
166,Edward Martinez,279.556.739-30,71.644.809-0,M,05/01/1967,58,edward.martinez@gmail.com,(51) 90063-1064,(535)577-5057,Brasil,SP,Campinas,99958-108,Estrada Liam Fonseca,2310,Apto 101,Planalto,26/07/2024,Pendente,Novo,26/06/2024,36349.74,Beleza,Sim
167,Catherine Sain,205.861.245-00,31.099.249-3,F,18/03/1956,69,catherine.sain@yahoo.com.br,(31) 93043-6725,(71) 91521-5562,Brasil,RR,Boa Vista,96054401,Distrito Théo Silveira,1099,Apto 101,Capitão Eduardo,10/08/2012,Ativo,Premium,,22237.74,Casa,Sim
168,James Charlton,532.368.587-50,23.970.457-0,M,15/03/1977,48,james.charlton@gmail.com,(81) 98405-3588,,Brasil,MT,Várzea Grande,67038-841,Setor de Barros,4095,Casa 2,Parque São Pedro,03/02/2017,Pendente,Premium,24/06/2025,6765.81,Eletrônicos,Sim
169,Michael Jimenez,123.063.976-40,54.615.254-0,M,10/11/1997,27,michael.jimenez@gmail.com,(41) 97156-8056,(61) 98885-7406,Brasil,TO,Gurupi,62127-358,Ladeira Alana Marques,5165,Casa 2,Penha,13/12/2021,Pendente,VIP,,13399.5,Livros,Não
170,Grace Wachtel,552.119.260-30,13.054.882-8,F,16/03/1946,79,grace.wachtel@yahoo.com.br,(51) 91269-2719,(71) 98600-0167,Brasil,RO,Ariquemes,18410-324,Alameda Jesus,9190,Bloco B,Marieta 2ª Seção,25/05/2022,Inativo,Premium,23/12/2023,42481.55,Esportes,Sim
171,Devin Peebles,276.310.407-00,37.444.990-1,M,21/05/1968,57,devin.peebles@bol.com.br,(61) 99293-4718,(51) 93661-2889,Brasil,PB,Santa Rita,17376192,Passarela Anna Liz Caldeira,6248,Casa 2,Túnel De Ibirité,26/04/2011,Pendente,VIP,,5025.38,Roupas,Sim
172,Robert Rogers,775.442.027-90,18.307.773-3,M,19/10/1971,53,robert.rogers@outlook.com,(31) 98076-3191,,Brasil,RS,Caxias do Sul,90578-212,Parque Siqueira,4287,Sala 303,Lajedo,03/10/2018,Inativo,VIP,18/12/2023,32870.67,Esportes,Não
173,Roland Rivera,160.869.899-80,44.388.887-9,M,12/03/1956,69,roland.rivera@gmail.com,(61) 95455-0879,(11) 94191-3342,Brasil,AL,Rio Largo,35623-153,Viela de Pereira,742,Casa 2,Vila Fumec,28/07/1999,Inativo,Regular,06/01/2025,42119.91,Casa,Não
174,David Rainge,815.993.367-30,50.700.712-3,M,18/11/1968,56,david.rainge@bol.com.br,(71) 97566-9515,(11) 92504-5023,Brasil,PE,Recife,65416095,Núcleo de Gomes,5843,Casa 2,Nova Esperança,02/10/2024,Inativo,VIP,27/11/2024,12119.52,Casa,Sim
175,Barry Crews,546.204.457-70,45.716.366-6,M,07/04/1972,53,barry.crews@yahoo.com.br,(51) 90111-5860,(81) 90983-7256,Brasil,RS,Porto Alegre,43006596,Pátio Pacheco,8258,,Alto Dos Pinheiros,07/10/2022,Ativo,Novo,24/07/2025,49059.39,Beleza,Não
176,Aaron Thompson,535.585.611-00,69.836.553-2,M,25/01/2006,19,aaron.thompson@outlook.com,(41) 98355-7344,,Brasil,PE,Recife,85826039,Morro Anthony Câmara,5249,Apto 101,São Jorge 3ª Seção,23/04/2024,Inativo,Novo,12/04/2025,35810.74,Roupas,Não
177,Edmond Mcmahon,176.847.035-90,71.967.849-6,M,21/07/1966,59,edmond.mcmahon@bol.com.br,(41) 99895-4490,(803)595-5407,Brasil,AL,Rio Largo,42435882,Avenida de Barros,2594,Bloco B,Conjunto Jardim Filadélfia,06/07/2025,Ativo,Premium,22/08/2025,32788.18,Esportes,Sim
178,Pamela Sherman,339.874.275-00,52.303.658-5,F,16/09/1981,44,pamela.sherman@gmail.com,(61) 99980-8561,,Brasil,PB,Santa Rita,80157-910,Setor Fogaça,7320,Sala 303,Marieta 1ª Seção,19/08/2013,Inativo,Premium,02/07/2024,30797.14,Beleza,Não
179,Dollie Antoine,949.678.973-00,17.320.256-7,F,07/04/2004,21,dollie.antoine@outlook.com,566.796.0566x6391,3202550761,Reino Unido,,Jasonville,84556,Wesley Heights,4657,Bloco B,port,21/09/2024,Ativo,Novo,22/01/2024,41611.61,Livros,Sim
180,Jack Rzeszutko,647.089.065-20,58.032.644-7,M,17/03/1978,47,jack.rzeszutko@bol.com.br,(51) 94147-7360,(11) 95828-5739,Brasil,SE,Lagarto,30183195,Trecho Maria Clara Gonçalves,6906,Sala 303,Vila Havaí,25/03/2022,Pendente,Regular,31/03/2025,34730.6,Esportes,Não
181,Carolyn Seabrook,664.442.780-40,79.109.839-5,F,30/08/1958,67,carolyn.seabrook@bol.com.br,515.230.6727,,Paraguai,,New Kristafurt,73355,Laura Curve,4300,Apto 101,bury,30/11/2020,Inativo,Novo,04/10/2023,41803.07,Eletrônicos,Não
182,Ronald Wilk,973.249.652-50,21.620.942-0,M,14/03/1993,32,ronald.wilk@gmail.com,(71) 94073-8955,(11) 95722-2682,Brasil,PR,Londrina,47881-097,Jardim de Abreu,8586,,Nova Cachoeirinha,16/05/2015,Pendente,VIP,15/04/2025,8232.98,Esportes,Não
183,Janet Davis,662.313.288-00,33.342.252-0,F,19/08/1972,53,janet.davis@hotmail.com,(31) 99820-5329,(81) 91307-0744,Brasil,MT,Várzea Grande,00772-747,Setor Beatriz Araújo,5729,Apto 101,Vila Tirol,16/07/2018,Inativo,Regular,18/09/2025,38651.94,Eletrônicos,Não
184,Debra Saunders,192.899.605-10,66.781.574-7,F,21/04/1969,56,debra.saunders@gmail.com,(61) 98574-3846,(21) 96570-0528,Brasil,SP,Campinas,12758883,Lago Nathan Câmara,5551,Bloco B,Vila Jardim Montanhes,08/12/2010,Pendente,Premium,23/09/2025,42597.04,Livros,Não
185,Trudy Conner,134.701.761-50,37.640.376-5,F,07/10/1945,79,trudy.conner@outlook.com,(71) 93695-5477,(91) 92508-9957,Brasil,PE,Olinda,95006810,Vale de Correia,177,Apto 101,Jardinópolis,03/11/2017,Inativo,Premium,07/04/2024,12023.71,Esportes,Não
186,Gary Sheppard,912.731.074-40,05.738.615-8,M,24/04/1957,68,gary.sheppard@bol.com.br,(21) 97455-6886,(61) 93979-4691,Brasil,RR,Rorainópolis,14879-138,Condomínio de Freitas,6401,Bloco B,Primeiro De Maio,03/09/2009,Inativo,Regular,12/09/2025,18183.85,Livros,Sim
187,Eleanor Chavez,785.893.203-90,35.349.878-8,F,07/11/1994,30,eleanor.chavez@bol.com.br,(81) 92211-9494,(21) 98245-4882,Brasil,PI,Parnaíba,91464-767,Alameda Borges,451,Sala 303,Vale Do Jatoba,02/11/2023,Inativo,VIP,25/01/2024,24352.17,Eletrônicos,Não
188,Jerry Lewis,036.827.746-10,67.422.501-0,M,21/10/1983,41,jerry.lewis@bol.com.br,(418)807-7938x16893,765.952.5199x2986,Argentina,,Wilsonmouth,15706,Terrell Island,1524,Sala 303,bury,23/12/2022,Pendente,VIP,22/02/2024,14494.73,Eletrônicos,Sim
189,Wanda Gamez,475.173.784-80,07.704.550-1,F,02/05/1949,76,wanda.gamez@yahoo.com.br,(91) 94673-7860,(11) 98140-2076,Brasil,ES,Cariacica,42266-810,Viaduto Vicente Nascimento,3698,Apto 101,Ambrosina,02/08/1990,Inativo,Novo,24/10/2023,2728.84,Casa,Não
190,Richard Boling,644.708.933-70,87.871.604-2,M,24/06/1968,57,richard.boling@gmail.com,(11) 92166-3572,+1-209-601-4464,Brasil,CE,Fortaleza,76009-155,Rua de Pimenta,5384,Apto 101,Maria Virgínia,25/08/2023,Inativo,Premium,09/09/2024,28771.93,Casa,Sim
191,Pedro Reyes,178.045.139-30,98.872.221-1,M,13/12/1958,66,pedro.reyes@yahoo.com.br,(51) 97681-9013,(21) 97924-0106,Brasil,AC,Cruzeiro do Sul,25741640,Loteamento Emanuelly Cunha,1319,Bloco B,Liberdade,03/08/2021,Ativo,Premium,04/12/2024,960.75,Esportes,Sim
192,Edward Watson,565.210.143-10,10.775.788-7,M,11/10/2005,19,edward.watson@bol.com.br,(21) 92094-5036,(31) 98425-2223,Brasil,ES,Vila Velha,44945727,Parque de Freitas,8871,Sala 303,Conjunto Califórnia Ii,06/10/2024,Ativo,Novo,06/08/2024,26169.34,Casa,Sim
193,Deborah Hood,123.906.421-70,92.106.845-8,F,25/06/1974,51,deborah.hood@gmail.com,(11) 91809-3977,,Brasil,DF,Brasília,94610-514,Loteamento Henrique Alves,3038,,Vila Bandeirantes,18/05/2012,Inativo,Premium,17/06/2024,47312.98,Esportes,Não
194,Glenn Parham,652.792.458-50,58.757.035-5,M,23/07/1950,75,glenn.parham@gmail.com,(41) 96931-0952,(81) 95583-0364,Brasil,AP,Santana,31013029,Área Caio Vasconcelos,4473,Bloco B,São Vicente,22/05/2020,Ativo,Premium,01/01/2025,47157.55,Casa,Sim
195,Jeremy Fennel,719.431.899-70,32.006.013-2,M,12/03/1963,62,jeremy.fennel@hotmail.com,(11) 90459-5951,(21) 99943-0104,Brasil,AC,Cruzeiro do Sul,40818-507,Aeroporto de Cunha,9139,Casa 2,Vila São Francisco,17/09/2022,Pendente,Regular,29/07/2025,35266.28,Eletrônicos,Não
196,Stacey Lockridge,096.741.731-70,78.465.418-9,F,27/02/2005,20,stacey.lockridge@yahoo.com.br,(81) 99604-0745,(51) 95465-2605,Brasil,DF,Brasília,27705727,Colônia de Aparecida,6648,Sala 303,Cidade Jardim Taquaril,16/05/2024,Pendente,VIP,17/09/2025,47759.32,Beleza,Não
197,Anthony Lenoir,777.842.037-60,95.820.248-2,M,31/08/1966,59,anthony.lenoir@yahoo.com.br,(11) 93164-2279,(51) 95929-4237,Brasil,DF,Brasília,78056279,Praça de Nogueira,4209,Apto 101,Cruzeiro,28/10/2018,Inativo,Premium,,8823.58,Beleza,Sim
198,Candida Ramos,992.559.660-20,13.402.685-0,F,11/03/2006,19,candida.ramos@hotmail.com,(21) 96528-0669,(21) 94625-1996,Brasil,SE,Aracaju,16116985,Chácara de Farias,4172,Apto 101,Jardim Alvorada,23/12/2024,Inativo,Novo,21/11/2024,26518.17,Casa,Sim
199,Carmen Miller,173.501.730-20,50.508.223-0,F,28/07/1956,69,carmen.miller@outlook.com,(31) 99357-5323,+1-300-277-6818x22116,Brasil,RS,Porto Alegre,42761-352,Vale Correia,9941,Casa 2,Heliopolis,05/01/2008,Pendente,Regular,09/03/2024,14969.25,Esportes,Sim
200,Marlene Brown,583.781.078-10,27.974.283-3,F,09/08/1955,70,marlene.brown@outlook.com,(91) 96484-5458,(21) 98778-2992,Brasil,MS,Dourados,00128596,Estação Vicente da Rosa,7456,Sala 303,Alto Dos Pinheiros,15/09/2024,Pendente,VIP,29/05/2025,2750.19,Beleza,Sim
201,David Dixon,156.386.468-10,67.323.442-1,M,03/05/1999,26,david.dixon@outlook.com,(41) 93567-4437,235.223.8532,Brasil,PR,Londrina,15807645,Ladeira Caroline Vieira,7972,Casa 2,Novo Ouro Preto,28/01/2020,Ativo,Novo,11/04/2025,19289.09,Beleza,Não
202,Ramona Perez,623.630.180-80,93.061.414-1,F,20/06/1990,35,ramona.perez@hotmail.com,(91) 95323-6464,(71) 92560-7031,Brasil,AP,Macapá,51470605,Condomínio de Mendes,1318,,Vila Canto Do Sabiá,08/04/2025,Ativo,Regular,26/04/2025,7555.53,Livros,Sim
203,Tammy Rojas,373.876.280-90,36.930.086-8,F,03/11/2000,24,tammy.rojas@bol.com.br,(31) 99175-9182,(81) 98668-0704,Brasil,AL,Maceió,16860-118,Setor de Araújo,6771,Apto 101,Camponesa 1ª Seção,30/03/2022,Ativo,Regular,,40028.01,Casa,Sim
204,David Chalk,810.601.330-80,04.666.148-2,M,25/04/1950,75,david.chalk@outlook.com,(31) 94149-8658,(61) 94638-5621,Brasil,TO,Araguaína,60695-683,Núcleo Maitê Vargas,2405,Sala 303,Vila Madre Gertrudes 1ª Seção,28/11/1997,Ativo,Novo,23/07/2025,718.01,Livros,Não
205,Mary Aromin,495.883.609-80,71.759.612-8,F,04/09/1951,74,mary.aromin@yahoo.com.br,(41) 96098-5016,(51) 92192-0603,Brasil,PI,Teresina,33018789,Praça Marcela Ribeiro,1785,Sala 303,Vila Madre Gertrudes 3ª Seção,05/05/2021,Inativo,Regular,06/09/2024,32741.31,Roupas,Sim
206,Lillie Wheeler,405.811.418-50,22.710.934-6,F,18/06/1969,56,lillie.wheeler@bol.com.br,(51) 91860-3474,(21) 99315-3986,Brasil,PI,Parnaíba,25524-574,Largo Caldeira,2418,,Conjunto Novo Dom Bosco,07/06/2021,Ativo,Regular,,38261.02,Livros,Não
207,David Valentine,751.208.017-40,96.992.472-2,M,01/02/2000,25,david.valentine@hotmail.com,(51) 98514-9560,(455)713-1918,Brasil,SE,Lagarto,03817-464,Núcleo das Neves,676,Casa 2,Vila São Francisco,10/01/2025,Inativo,Regular,29/12/2024,11697.67,Casa,Não
208,Henry Sietsma,303.850.972-80,14.644.753-2,M,28/01/1978,47,henry.sietsma@yahoo.com.br,(21) 99282-3350,(917)505-7529,Brasil,AC,Rio Branco,75322-096,Condomínio de Ribeiro,396,Sala 303,Jardim Do Vale,06/02/2019,Pendente,Premium,07/12/2023,5896.09,Beleza,Não
209,Jason Thomas,809.537.378-80,98.697.793-6,M,19/03/1997,28,jason.thomas@hotmail.com,(21) 97694-6195,(71) 96341-8094,Brasil,RS,Caxias do Sul,70966961,Rua Vargas,9722,,Jardim Montanhês,09/12/2022,Inativo,Premium,,45002.52,Roupas,Sim
210,Carmen Gant,229.067.959-30,25.398.854-6,M,14/03/1999,26,carmen.gant@hotmail.com,(81) 94931-6516,,Brasil,RN,Parnamirim,60896009,Condomínio Maria Eduarda da Mota,5964,Bloco B,Minaslandia,21/12/2023,Pendente,VIP,19/12/2023,11608.44,Esportes,Não
211,Byron Beach,858.073.415-00,53.902.236-6,M,08/07/1990,35,byron.beach@yahoo.com.br,(91) 98476-2662,(41) 90663-9428,Brasil,RO,Ariquemes,48703-303,Feira Sampaio,4438,Apto 101,Conjunto Jardim Filadélfia,28/06/2021,Pendente,Novo,28/10/2024,29039.65,Livros,Não
212,Donald Hargrave,228.975.459-50,22.510.343-6,M,31/12/1949,75,donald.hargrave@yahoo.com.br,(61) 92166-0582,(91) 94068-9454,Brasil,AP,Santana,88215-676,Ladeira de da Paz,8776,Bloco B,Nova Floresta,14/03/2022,Inativo,Premium,03/01/2024,11706.09,Roupas,Sim
213,Maria Irvine,057.390.712-90,43.945.208-9,F,01/11/1954,70,maria.irvine@hotmail.com,(21) 99859-4695,(91) 94750-2556,Brasil,MG,Belo Horizonte,57386680,Lagoa de Siqueira,3947,Sala 303,São Francisco,26/03/2022,Inativo,VIP,,20804.23,Roupas,Sim
214,Melba Greening,837.756.501-30,59.098.624-4,F,05/01/2007,18,melba.greening@yahoo.com.br,(21) 97039-2007,722.356.9511x878,Brasil,CE,Caucaia,72619-209,Trecho de da Rocha,3075,Apto 101,Vila Aeroporto,31/12/2024,Pendente,VIP,08/05/2024,14923.57,Esportes,Sim
215,James Goodman,612.420.860-10,84.306.999-6,M,16/06/1981,44,james.goodman@gmail.com,(61) 97567-3336,(31) 96238-0661,Brasil,GO,Aparecida de Goiânia,90753702,Parque Campos,1859,Casa 2,Vila Independencia 2ª Seção,15/03/2021,Ativo,Regular,08/06/2024,49640.97,Livros,Não
216,Dale Ledbetter,446.334.402-60,50.544.620-5,M,03/08/1954,71,dale.ledbetter@bol.com.br,(11) 93807-4436,(11) 95781-3192,Brasil,CE,Fortaleza,44897-635,Praia Ana Júlia Freitas,4834,Sala 303,Conjunto Bonsucesso,21/01/2003,Ativo,Novo,27/02/2025,25434.27,Esportes,Não
217,Richard Wolford,142.877.304-50,42.391.615-5,M,14/12/1979,45,richard.wolford@hotmail.com,+1-640-567-5925,661.686.8211x8592,Espanha,,West Linda,40628,Henry Shoals,7640,Casa 2,mouth,13/06/2023,Inativo,Regular,11/08/2024,18141.17,Eletrônicos,Não
218,Brian Mckenzie,565.919.162-20,90.721.942-7,M,24/08/1991,34,brian.mckenzie@bol.com.br,(61) 91760-9081,(31) 94767-7547,Brasil,PI,Parnaíba,52288-481,Distrito Porto,6425,Bloco B,Cidade Jardim,19/10/2024,Pendente,VIP,26/03/2024,540.2,Eletrônicos,Não
219,Paula Fujimoto,141.190.285-80,68.785.944-9,F,19/07/1988,37,paula.fujimoto@yahoo.com.br,(91) 94145-3496,(31) 97916-4603,Brasil,MA,Imperatriz,55030951,Trevo Novaes,828,,Pirineus,02/02/2010,Ativo,VIP,14/08/2024,7567.73,Beleza,Não
220,Virginia Resendez,823.116.459-60,91.557.740-3,F,15/01/1959,66,virginia.resendez@yahoo.com.br,(71) 92260-4679,(41) 95514-9946,Brasil,ES,Vila Velha,28456369,Estrada Duarte,2961,Apto 101,Vila Antena Montanhês,26/10/2022,Ativo,Novo,,22609.21,Esportes,Não
221,Jess Alves,456.969.616-30,44.159.128-6,M,29/05/2003,22,jess.alves@hotmail.com,(81) 92575-7604,237-886-7559x70753,Brasil,DF,Brasília,11171-007,Distrito de Dias,8799,Bloco B,Pilar,23/05/2025,Inativo,Novo,,1969.61,Casa,Não
222,Susan Hollingsworth,803.604.317-30,47.566.762-1,F,24/02/1986,39,susan.hollingsworth@gmail.com,(61) 90571-4789,(41) 97226-2776,Brasil,ES,Vitória,76157426,Vila de Pimenta,4804,Casa 2,Palmares,14/02/2025,Inativo,Premium,08/07/2025,7822.16,Beleza,Sim
223,Frank Michels,121.131.447-20,94.764.622-3,M,05/10/1956,68,frank.michels@yahoo.com.br,(61) 93448-1657,,Brasil,PB,João Pessoa,69259316,Favela Liz da Costa,2730,Casa 2,Tres Marias,10/02/1995,Inativo,Premium,,33566.18,Beleza,Não
224,Maxine Russell,142.125.449-20,06.245.474-5,F,11/10/1950,74,maxine.russell@outlook.com,(71) 96390-4721,(71) 98237-8941,Brasil,RS,Porto Alegre,28282875,Sítio Antony Rios,308,Casa 2,Ribeiro De Abreu,08/09/2023,Inativo,VIP,24/03/2024,33123.51,Livros,Não
225,Geneva Delgado,381.135.846-40,62.831.882-7,F,29/08/1997,28,geneva.delgado@bol.com.br,665.965.7694,617.275.9953x528,Alemanha,,Kaylastad,48345,Erin Mountains,7690,Apto 101,ton,17/12/2021,Pendente,Regular,27/08/2024,36420.04,Roupas,Sim
226,Pamela Perkins,805.451.324-00,58.344.157-2,F,30/05/1955,70,pamela.perkins@hotmail.com,(61) 90171-4716,(41) 97042-3417,Brasil,MG,Belo Horizonte,82197-497,Recanto de Pereira,7697,Sala 303,Boa União 1ª Seção,02/01/2018,Inativo,Novo,09/07/2025,7943.16,Roupas,Sim
227,Hortencia Lewis,405.012.261-80,76.396.275-5,F,04/12/1959,65,hortencia.lewis@gmail.com,(41) 96561-0869,(21) 96552-6380,Brasil,RS,Porto Alegre,43682552,Quadra Sousa,7053,Casa 2,Laranjeiras,10/04/2019,Ativo,Novo,12/08/2024,44210.11,Livros,Sim
228,Rosie Roberts,411.535.091-10,11.572.332-0,F,23/03/1978,47,rosie.roberts@gmail.com,(11) 95848-6859,(41) 92826-8647,Brasil,TO,Gurupi,81202087,Rodovia Cauê da Rocha,921,,Vila Oeste,09/02/2022,Inativo,VIP,02/12/2023,34849.96,Eletrônicos,Não
229,Gary Andrus,864.215.062-90,43.216.790-1,M,07/06/1978,47,gary.andrus@bol.com.br,(51) 91380-7517,(41) 93802-9724,Brasil,SE,Lagarto,99540-832,Ladeira Pietro Silveira,4162,Sala 303,Santo Agostinho,22/05/2009,Ativo,Novo,20/01/2024,41066.88,Esportes,Sim
230,Richard Perault,974.891.911-00,11.701.454-6,M,23/10/1947,77,richard.perault@bol.com.br,(81) 97736-9023,(61) 94142-5801,Brasil,RJ,São Gonçalo,95339117,Rodovia de Duarte,8246,Casa 2,Vila São Paulo,05/02/1994,Ativo,Premium,28/04/2024,28401.19,Casa,Sim
231,Mariette Kittrell,853.031.995-80,58.674.093-5,F,19/10/1963,61,mariette.kittrell@gmail.com,(31) 94087-2531,(71) 96331-9051,Brasil,AP,Macapá,97093696,Praia Nunes,926,Bloco B,Aparecida,08/10/2000,Pendente,VIP,02/07/2024,35901.66,Casa,Não
232,Kathleen Watanabe,935.420.332-90,52.442.466-6,F,05/03/1989,36,kathleen.watanabe@yahoo.com.br,(21) 97535-3756,,Brasil,RS,Caxias do Sul,54263-081,Largo Vargas,3544,Apto 101,Varzea Da Palma,03/01/2023,Pendente,Premium,,6368.79,Livros,Sim
233,Patricia Davis,888.491.881-20,63.297.039-2,F,12/11/1952,72,patricia.davis@hotmail.com,(81) 97930-5821,267-418-5915,Brasil,MS,Dourados,85499810,Loteamento Nicole Melo,1572,Sala 303,Savassi,24/04/2022,Pendente,Regular,28/01/2025,29144.74,Beleza,Não
234,Christine Silva,734.130.876-10,27.109.972-7,F,05/03/1983,42,christine.silva@gmail.com,(61) 96337-1239,(71) 90792-7513,Brasil,AL,Arapiraca,72050-035,Estrada Thomas Ferreira,1186,Bloco B,Alto Barroca,31/08/2022,Inativo,VIP,26/11/2023,16714.24,Roupas,Não
235,Mary Salomon,542.493.857-40,51.076.456-8,F,28/10/1997,27,mary.salomon@bol.com.br,(81) 92667-3462,(41) 96905-8864,Brasil,BA,Salvador,90488-109,Colônia Valentina Azevedo,1859,,São Marcos,08/06/2021,Pendente,Premium,23/03/2024,36143.89,Esportes,Não
236,Edward Stinnett,422.555.980-70,86.623.562-6,M,03/09/1995,30,edward.stinnett@yahoo.com.br,(11) 95761-2366,272-246-3700x80892,Brasil,MS,Dourados,10657-579,Trecho Sá,7926,Casa 2,São João,02/10/2019,Ativo,Novo,,39028.01,Casa,Sim
237,Michael Matthews,413.902.672-30,04.029.685-0,M,31/10/1973,51,michael.matthews@yahoo.com.br,(31) 99584-4541,(41) 97526-9674,Brasil,AC,Rio Branco,82158166,Fazenda de Cardoso,5379,Apto 101,Nova Suíça,13/12/2023,Ativo,VIP,,43951.82,Beleza,Sim
238,Ola Cahal,838.467.074-90,16.894.729-6,F,26/06/1989,36,ola.cahal@bol.com.br,(81) 94049-7533,(21) 98395-8863,Brasil,SP,Campinas,72026025,Passarela Ferreira,3234,,Vila Santo Antônio Barroquinha,13/04/2025,Ativo,Novo,18/08/2025,44735.48,Casa,Não
239,Sara Mitchell,229.345.155-00,05.407.925-1,F,27/05/2003,22,sara.mitchell@hotmail.com,(61) 93244-3594,(91) 91090-6442,Brasil,RN,Mossoró,44721573,Esplanada Montenegro,549,Sala 303,Padre Eustáquio,24/06/2024,Inativo,Novo,11/05/2025,31510.29,Eletrônicos,Não
240,Noe Clowes,088.294.486-00,66.108.393-3,M,26/07/1989,36,noe.clowes@outlook.com,(21) 92038-3452,(41) 90538-6584,Brasil,MG,Contagem,49580-609,Vila Mendonça,9573,Casa 2,Cidade Jardim,26/07/2022,Pendente,Premium,10/06/2025,7757.19,Livros,Sim
241,Ronald Mazurek,181.966.703-00,81.013.480-9,M,09/07/2007,18,ronald.mazurek@outlook.com,(61) 92486-8039,001-796-680-8183,Brasil,MT,Várzea Grande,80586-173,Loteamento Lara Rios,647,Bloco B,Apolonia,04/07/2025,Inativo,Regular,10/04/2024,2542.53,Livros,Não
242,Vera Davis,239.653.725-30,96.201.039-9,F,30/01/1979,46,vera.davis@gmail.com,001-380-634-8020x5649,353-233-4695x9844,Argentina,OK,Melissaview,45044,Baker Landing,4391,Sala 303,haven,15/10/2015,Ativo,Novo,23/08/2025,22402.85,Eletrônicos,Sim
243,Christoper Alvarez,077.109.712-30,42.987.597-0,M,18/01/1961,64,christoper.alvarez@gmail.com,(21) 96621-6648,(21) 99177-1269,Brasil,BA,Salvador,13605-870,Favela de Cavalcanti,3929,Sala 303,Buraco Quente,06/01/2022,Ativo,Regular,24/09/2024,17561.57,Roupas,Sim
244,Laurence Hairston,995.279.293-00,83.203.109-8,M,27/03/1975,50,laurence.hairston@hotmail.com,(51) 91357-6068,(61) 97920-6431,Brasil,ES,Cariacica,06605-587,Condomínio Vargas,6683,Apto 101,Dom Bosco,06/12/2019,Ativo,VIP,20/01/2025,10344.5,Eletrônicos,Sim
245,Raymond Ford,971.768.950-40,96.722.687-8,M,16/01/1978,47,raymond.ford@yahoo.com.br,(21) 99122-5146,(91) 90386-7210,Brasil,ES,Cariacica,12787-920,Fazenda Moreira,7457,Sala 303,Caiçara - Adelaide,21/12/2015,Inativo,Regular,09/10/2023,24579.46,Roupas,Sim
246,Rosa Peveler,208.001.521-40,34.317.127-8,F,24/11/2003,21,rosa.peveler@bol.com.br,(31) 97807-2794,(41) 97478-7305,Brasil,TO,Palmas,60955-538,Praia Luigi Oliveira,4762,,Zilah Sposito,20/11/2023,Pendente,Regular,31/12/2023,29045.26,Esportes,Sim
247,Thomas Velez,469.347.622-60,66.713.219-3,M,25/12/1978,46,thomas.velez@yahoo.com.br,(91) 95416-4410,(51) 99807-2196,Brasil,RR,Rorainópolis,55218351,Campo Farias,1513,Apto 101,Lagoinha Leblon,24/11/2000,Inativo,VIP,,2535.44,Beleza,Não
248,Sally Whelpley,909.836.201-00,27.358.217-0,F,18/10/1982,42,sally.whelpley@bol.com.br,(41) 98286-0779,001-421-913-4125x634,Brasil,GO,Goiânia,47709-854,Estação Lívia Castro,8636,Sala 303,Vila Paris,03/03/2020,Ativo,Novo,24/04/2025,33901.53,Esportes,Sim
249,Cornelia Bertholf,374.458.829-70,99.120.616-5,F,28/04/1958,67,cornelia.bertholf@gmail.com,(11) 98630-1186,(81) 97883-2906,Brasil,AL,Rio Largo,83750221,Ladeira de Caldeira,4312,Casa 2,Maria Helena,05/06/2017,Inativo,VIP,16/03/2025,49526.74,Roupas,Sim
250,Greg Rosas,005.536.903-00,98.712.091-0,M,13/08/1990,35,greg.rosas@gmail.com,(21) 97909-4964,200-562-5368x419,Brasil,RR,Caracaraí,08450-881,Campo Maitê Vieira,267,Casa 2,Ipiranga,15/02/2022,Ativo,Premium,04/01/2025,9894.44,Livros,Não
251,Jimmy Eger,150.477.033-10,12.759.430-7,M,01/03/1983,42,jimmy.eger@yahoo.com.br,(41) 90412-6069,(81) 94392-3219,Brasil,AP,Macapá,24968277,Travessa Bianca Freitas,611,,Vila Real 2ª Seção,02/05/2021,Inativo,Regular,21/08/2024,3968.45,Roupas,Não
252,Whitney Ashe,448.043.626-00,95.533.383-8,F,23/03/1976,49,whitney.ashe@hotmail.com,(61) 97235-9356,+1-918-314-3609x2817,Brasil,AC,Sena Madureira,91827-116,Favela Ramos,6397,Sala 303,Ápia,31/08/2017,Pendente,Regular,22/10/2024,1034.34,Eletrônicos,Sim
253,Michelle Samaroo,546.135.274-00,30.161.908-4,F,13/08/1995,30,michelle.samaroo@hotmail.com,(11) 93035-8652,(11) 95229-8669,Brasil,AM,Manaus,04579701,Ladeira Isabelly Fogaça,7069,,Vila Engenho Nogueira,27/10/2021,Pendente,Regular,27/07/2024,45505.9,Roupas,Sim
254,Ricardo Casey,855.155.255-40,85.668.734-6,M,05/01/1978,47,ricardo.casey@gmail.com,(61) 98049-4549,(41) 92359-7411,Brasil,TO,Gurupi,28807290,Parque Alves,5653,Apto 101,Santa Rosa,11/12/2010,Ativo,Premium,18/07/2025,31307.79,Esportes,Não
255,Patrick Valdez,213.243.632-00,45.806.956-6,M,25/07/1984,41,patrick.valdez@outlook.com,(61) 95053-6152,(31) 91973-6936,Brasil,AM,Parintins,88186-925,Lagoa Pacheco,9280,Apto 101,Dom Joaquim,15/07/2025,Inativo,VIP,,8053.72,Roupas,Sim
256,Quentin Savoy,588.479.147-00,74.640.256-6,M,10/04/2006,19,quentin.savoy@bol.com.br,(91) 90889-0664,(81) 92120-4046,Brasil,CE,Caucaia,35379208,Área Silveira,4861,Bloco B,Marmiteiros,05/04/2025,Ativo,Regular,19/10/2024,47108.73,Esportes,Não
257,Amy Hall,621.790.466-70,09.988.918-6,F,25/11/1983,41,amy.hall@outlook.com,(11) 99729-5285,7566409145,Brasil,PR,Curitiba,62364-590,Largo Danilo Dias,7451,Bloco B,Xangri-Lá,21/03/2021,Inativo,VIP,22/07/2025,30784.65,Eletrônicos,Não
258,Gloria Yashinski,524.921.667-60,83.311.924-7,F,15/05/1946,79,gloria.yashinski@outlook.com,(21) 98855-6488,(71) 94069-0066,Brasil,RO,Porto Velho,98237525,Distrito de Macedo,2731,,Cônego Pinheiro 1ª Seção,19/01/2025,Ativo,Novo,20/05/2024,30337.78,Livros,Sim
259,Reva Sternberg,725.144.221-30,14.880.718-5,F,02/04/1948,77,reva.sternberg@outlook.com,(61) 95207-8799,(31) 97484-5401,Brasil,GO,Anápolis,57223-414,Favela de Vasconcelos,1474,Sala 303,Conjunto Novo Dom Bosco,16/07/2022,Pendente,Premium,28/03/2024,9204.0,Beleza,Não
260,Richard Lemay,417.769.226-30,94.165.045-3,M,09/09/1986,39,richard.lemay@hotmail.com,(71) 95418-1669,(11) 98183-5618,Brasil,SE,Lagarto,39882513,Praia Sousa,5744,,Piraja,15/12/2023,Pendente,Novo,21/12/2024,27790.22,Beleza,Não
261,Lindsey Marta,419.240.467-20,44.305.927-2,F,26/05/1972,53,lindsey.marta@bol.com.br,(11) 94602-2704,(21) 98067-7454,Brasil,PI,Picos,35236-792,Colônia de Moraes,5137,Sala 303,Olaria,13/11/2009,Ativo,Regular,26/12/2023,5964.45,Eletrônicos,Não
262,Troy Berry,256.719.803-20,94.575.948-8,M,25/01/1979,46,troy.berry@bol.com.br,(41) 97096-5407,(21) 93889-1527,Brasil,RS,Caxias do Sul,38515279,Feira Otto Ramos,1734,Casa 2,Itapoa,13/01/2025,Ativo,Regular,23/12/2024,40721.57,Beleza,Sim
263,Grace Knott,634.926.671-40,86.493.042-4,F,22/01/1955,70,grace.knott@hotmail.com,(81) 91472-5541,001-261-611-7693,Brasil,PA,Belém,90184-492,Colônia Sara Pereira,4901,Apto 101,Santa Rita De Cássia,25/12/2006,Ativo,Premium,20/06/2024,37341.74,Beleza,Sim
264,Mildred Magno,201.946.458-60,29.712.686-2,F,12/03/1956,69,mildred.magno@outlook.com,(31) 97710-5186,(51) 90154-1292,Brasil,RR,Boa Vista,14835340,Aeroporto de Sampaio,4829,,Vila Ouro Minas,08/01/1986,Inativo,Regular,05/05/2024,11893.76,Esportes,Sim
265,Brian Silverberg,504.862.640-00,35.667.300-9,M,11/04/1970,55,brian.silverberg@outlook.com,(51) 95077-1575,(31) 94532-5152,Brasil,PI,Picos,08637386,Feira Cirino,9601,Bloco B,Vila Nova Paraíso,10/05/2000,Ativo,Regular,28/09/2023,27162.25,Esportes,Não
266,Melissa Rodriguez,865.559.659-00,43.236.451-9,F,04/12/2002,22,melissa.rodriguez@bol.com.br,(61) 90173-5115,(41) 92480-8624,Brasil,TO,Araguaína,60814-819,Travessa de Sá,5319,Casa 2,Monsenhor Messias,28/11/2024,Ativo,Novo,20/10/2024,44060.94,Casa,Não
267,Wendy King,479.283.009-50,64.273.536-9,F,15/12/2003,21,wendy.king@bol.com.br,001-382-965-1915x072,,Espanha,,East Lisa,92706,Wu Field,9054,,mouth,09/12/2024,Ativo,Premium,22/06/2024,19896.7,Livros,Não
268,James Figaro,596.230.798-40,24.084.752-7,M,27/04/1961,64,james.figaro@yahoo.com.br,(21) 96170-2707,(31) 96781-4932,Brasil,TO,Gurupi,33897-787,Campo Rocha,8201,,Coqueiros,17/05/2023,Ativo,Regular,,16367.46,Livros,Sim
269,Ricardo Martin,026.083.180-80,25.161.012-7,M,10/04/1955,70,ricardo.martin@bol.com.br,(81) 91508-4461,310-550-3307x53677,Brasil,AP,Laranjal do Jari,16230-333,Largo Alves,221,Apto 101,Unidas,21/09/2017,Pendente,Novo,19/03/2025,26086.58,Casa,Não
270,Valeria Edson,394.651.895-80,26.571.668-9,F,23/03/1990,35,valeria.edson@outlook.com,(71) 96035-5577,(71) 97396-7002,Brasil,RO,Porto Velho,72682-189,Lagoa Danilo Vieira,1878,,Vila Paraíso,29/11/2016,Inativo,Regular,,43419.59,Roupas,Não
271,Linda Salazar,723.244.259-90,88.274.812-7,F,27/07/2000,25,linda.salazar@gmail.com,(81) 99036-9094,(51) 94180-6932,Brasil,RN,Mossoró,35876201,Lago de Borges,5248,Casa 2,Mangueiras,04/08/2018,Inativo,Premium,13/07/2025,4494.95,Eletrônicos,Não
272,Billie Haley,927.597.253-20,75.807.096-5,F,07/03/1986,39,billie.haley@yahoo.com.br,(31) 90791-3893,(21) 96818-3939,Brasil,AM,Parintins,32266-486,Colônia da Costa,2064,Bloco B,Parque São José,21/10/2022,Inativo,Regular,18/11/2023,8567.65,Livros,Não
273,Benjamin Freeman,476.506.163-90,32.329.633-2,M,21/06/1951,74,benjamin.freeman@outlook.com,(91) 96982-2601,(61) 93686-8219,Brasil,SC,Blumenau,67714-566,Trevo de da Rosa,2599,Sala 303,Vila Santa Monica 1ª Seção,20/02/2003,Inativo,Novo,08/02/2025,37844.78,Livros,Sim
274,Mary Fricks,023.544.382-40,55.215.456-8,F,26/05/1956,69,mary.fricks@hotmail.com,(91) 91519-9670,(71) 98080-8666,Brasil,RN,Parnamirim,91465718,Campo Maria Luiza Oliveira,5331,Bloco B,Gameleira,03/10/2019,Inativo,Premium,08/01/2025,46769.48,Beleza,Não
275,Tara Monroe,355.772.244-90,97.178.225-4,F,01/11/1973,51,tara.monroe@bol.com.br,(41) 94641-8459,+1-883-682-8211,Brasil,PB,Santa Rita,08792330,Sítio Jesus,6811,Bloco B,Vila Petropolis,26/04/2018,Inativo,VIP,15/06/2025,45020.22,Beleza,Sim
276,Chad Shirey,095.146.320-90,24.217.658-9,M,27/09/1964,60,chad.shirey@bol.com.br,(41) 91582-1461,(91) 96885-8246,Brasil,SE,Aracaju,97010-397,Área Ramos,8719,Apto 101,Vila Nova Gameleira 3ª Seção,08/08/2004,Ativo,Novo,28/10/2023,44875.54,Esportes,Sim
277,Chris Andre,479.711.509-20,51.531.794-5,M,07/08/1988,37,chris.andre@bol.com.br,(21) 97054-5186,(91) 95289-2386,Brasil,SC,Joinville,59384744,Distrito Rafael Farias,7811,Apto 101,Itatiaia,25/12/2022,Inativo,Regular,25/01/2024,14091.67,Esportes,Sim
278,Kenneth Jones,015.872.956-00,42.610.775-6,M,12/02/1990,35,kenneth.jones@bol.com.br,(21) 92200-0057,(31) 99572-8862,Brasil,DF,Brasília,96402558,Chácara da Cruz,7822,Apto 101,Teixeira Dias,30/09/2023,Ativo,VIP,31/03/2025,9062.23,Beleza,Sim
279,Brian Peery,623.993.586-70,77.935.644-7,M,17/12/1979,45,brian.peery@hotmail.com,(51) 93802-3559,,Brasil,MG,Belo Horizonte,04298862,Campo Ramos,1719,,São Tomaz,27/10/2022,Pendente,Novo,,45657.91,Esportes,Sim
280,Jane Signorile,004.590.159-70,29.866.766-4,F,21/06/1953,72,jane.signorile@outlook.com,(31) 97766-0806,(91) 96065-7475,Brasil,AM,Itacoatiara,94826078,Lagoa Eduardo Castro,1157,Bloco B,Barroca,06/01/1992,Ativo,Premium,03/06/2024,3558.79,Casa,Não
281,Alfred Alexander,097.217.563-60,92.069.849-5,M,17/11/1994,30,alfred.alexander@hotmail.com,(31) 93220-0186,(51) 98687-0818,Brasil,MG,Uberlândia,83232-429,Conjunto Manuela Campos,447,Sala 303,Silveira,05/11/2017,Inativo,Premium,30/03/2025,29720.83,Beleza,Sim
282,Luke Henson,122.195.088-60,29.045.229-9,M,27/09/1954,70,luke.henson@hotmail.com,(21) 92493-6364,(81) 93990-1299,Brasil,PA,Belém,68534325,Distrito Nicole Costela,7751,Casa 2,Céu Azul,20/07/2002,Pendente,Premium,03/03/2025,27034.44,Casa,Sim
283,Jeff Marcano,468.890.168-20,76.980.745-0,M,14/11/1998,26,jeff.marcano@outlook.com,(41) 98994-7330,(81) 93171-0039,Brasil,PR,Londrina,85422156,Ladeira Correia,8890,,Cidade Nova,22/04/2022,Ativo,VIP,27/07/2024,6731.8,Esportes,Sim
284,Robert Compos,603.057.480-90,03.059.998-2,M,02/01/1998,27,robert.compos@gmail.com,(81) 91477-2950,001-781-676-6823x4916,Brasil,ES,Vila Velha,64545-117,Lago Andrade,7013,Casa 2,Cônego Pinheiro 2ª Seção,01/09/2024,Inativo,VIP,,20972.78,Eletrônicos,Sim
285,Natalie Lejeune,478.936.535-20,10.493.569-5,F,23/07/1965,60,natalie.lejeune@bol.com.br,(71) 92208-9093,001-496-288-6478x4301,Brasil,PB,João Pessoa,87931-264,Vereda de da Costa,1200,Casa 2,Bela Vitoria,11/06/2015,Inativo,Premium,24/12/2023,43219.79,Beleza,Sim
286,Gary White,935.534.666-20,15.724.290-1,M,14/10/1954,70,gary.white@yahoo.com.br,(81) 92858-7376,(21) 90932-3277,Brasil,SC,Blumenau,77365-781,Lagoa de Rodrigues,7448,Bloco B,Conjunto Capitão Eduardo,21/11/2018,Pendente,VIP,22/07/2025,44971.12,Beleza,Não
287,Pamela Southerland,657.854.788-60,05.679.964-2,F,08/07/1957,68,pamela.southerland@gmail.com,(41) 96446-0839,(31) 97104-2740,Brasil,MG,Uberlândia,79180131,Morro Joana Correia,5843,Sala 303,Salgado Filho,21/06/2025,Ativo,Novo,02/08/2024,35207.46,Beleza,Sim
288,Kaye Lopez,611.925.119-70,70.323.420-5,F,11/03/1992,33,kaye.lopez@gmail.com,4896694801,,Reino Unido,,Padillatown,71343,Howard Drive,675,,town,14/08/2024,Inativo,Regular,02/01/2025,17657.12,Casa,Não
289,Thomas Sires,009.176.005-40,12.703.809-7,M,01/05/1983,42,thomas.sires@bol.com.br,(21) 92345-3727,(31) 99287-2081,Brasil,AL,Rio Largo,67783-822,Chácara de Novaes,579,Apto 101,Vila São Dimas,16/08/2019,Pendente,Novo,30/11/2024,18980.1,Beleza,Não
290,Brent Atchity,352.595.966-40,15.446.097-4,M,05/09/2005,20,brent.atchity@gmail.com,(31) 90896-3527,(11) 91807-1743,Brasil,CE,Juazeiro do Norte,07927-834,Pátio Silva,5166,Sala 303,Pantanal,01/10/2024,Inativo,VIP,04/09/2024,23845.08,Livros,Sim
291,Russell Morris,883.351.451-00,54.546.544-8,M,08/11/1993,31,russell.morris@hotmail.com,001-729-494-1833x47683,(720)862-4573x06059,China,KY,North Adam,57601,Anthony Fields,7403,Bloco B,fort,21/08/2022,Ativo,VIP,17/01/2025,33409.28,Eletrônicos,Sim
292,Christopher Smith,591.052.743-60,49.008.964-0,M,13/06/1981,44,christopher.smith@bol.com.br,410-829-7487x1941,,Uruguai,,Onealland,72655,York Forge,2360,,ton,03/12/2022,Inativo,Novo,05/10/2023,19887.86,Eletrônicos,Sim
293,Leroy Bacon,992.933.985-00,70.096.615-8,M,18/05/1987,38,leroy.bacon@outlook.com,(61) 96507-7203,(81) 94473-0346,Brasil,RN,Natal,17088313,Chácara Aragão,1835,Casa 2,Vila São Geraldo,11/08/2024,Pendente,Regular,,20427.33,Casa,Sim
294,Charley Rogers,775.198.540-20,88.437.221-9,M,20/03/1962,63,charley.rogers@gmail.com,(41) 91050-7981,(21) 90734-6005,Brasil,CE,Fortaleza,60158-162,Vale Duarte,5934,Sala 303,Lajedo,05/02/2015,Pendente,Regular,21/10/2023,6651.66,Esportes,Sim
295,Lonnie Wilson,865.602.109-50,13.614.894-6,M,25/06/1991,34,lonnie.wilson@gmail.com,(41) 99717-3020,(31) 91792-0712,Brasil,PA,Ananindeua,03790-950,Jardim de Martins,8592,Bloco B,Olhos D'água,31/01/2024,Inativo,VIP,,31217.79,Eletrônicos,Sim
296,Emily Doggett,568.501.215-20,80.127.396-6,F,15/03/2005,20,emily.doggett@gmail.com,(11) 99393-0663,(31) 94471-7066,Brasil,MT,Várzea Grande,28913362,Estação Fernanda Cassiano,225,Casa 2,Rio Branco,10/03/2025,Pendente,VIP,25/11/2023,21681.53,Roupas,Não
297,Louis Christion,489.721.283-90,56.141.943-9,M,25/02/1997,28,louis.christion@gmail.com,(21) 93450-5679,(11) 90109-6572,Brasil,AP,Laranjal do Jari,61859-656,Rua Nascimento,3363,Bloco B,João Pinheiro,10/10/2024,Inativo,VIP,02/04/2024,34267.74,Esportes,Sim
298,Oscar Johnson,567.285.694-20,39.240.124-8,M,09/11/1952,72,oscar.johnson@gmail.com,(51) 96529-2432,(71) 97925-3156,Brasil,RO,Porto Velho,13196-950,Residencial Isaac da Conceição,7445,Bloco B,Pindorama,23/01/2019,Pendente,Regular,28/06/2024,19273.84,Roupas,Sim
299,Thomas Boyes,807.393.726-30,43.356.893-9,M,30/05/1969,56,thomas.boyes@yahoo.com.br,(81) 99293-6702,(11) 96848-6401,Brasil,PR,Curitiba,95134614,Avenida de Cassiano,8753,Apto 101,Monsenhor Messias,29/05/2022,Pendente,Premium,17/01/2025,37655.21,Beleza,Sim
300,Lester Law,157.463.865-30,72.402.476-5,M,02/06/1953,72,lester.law@bol.com.br,(31) 94577-3238,+1-249-865-4536,Brasil,TO,Palmas,11320-583,Praia de Cassiano,2641,Bloco B,Casa Branca,22/04/2006,Inativo,Novo,25/07/2024,45248.91,Casa,Não
