hóspede_id,nome,data_nascimento,sexo,nacionalidade,tipo_cliente,email,telefone
1,James Shaw,1966-08-05,M,Itália,Corporativo,james.shaw@outlook.com,+39 999 220 2414
2,Amit Patel,1975-04-05,M,Índia,Novo,amit.patel@gmail.com,+91 22667 27499
3,Robert Thornton,1980-11-20,M,Estados Unidos,VIP,robert.thornton@gmail.com,+1 (394) 148-5369
4,Martha Wilkinson,1970-08-30,F,Brasil,Recorrente,martha.wilkinson@hotmail.com,+55 (50) 90038-6077
5,Wilfredo Locke,1965-03-23,M,Alemanha,Novo,wilfredo.locke@gmail.com,+49 7649 7144
6,Anita Patel,2002-04-06,F,Índia,Novo,anita.patel@outlook.com,+91 58183 48157
7,Ronald Carraway,1952-01-28,M,Estados Unidos,VIP,ronald.carraway@outlook.com,+1 (411) 748-5808
8,James Schuld,1955-01-02,M,Alemanha,Corporativo,james.schuld@yahoo.de,+49 5066 8446
9,Sanjay Sharma,1988-07-17,M,Índia,Corporativo,sanjay.sharma@gmail.com,+91 44049 76545
10,Kasi Cannon,1985-06-06,F,França,Novo,kasi.cannon@gmail.com,+33 3 83 21 77 87
11,Stephanie Kaiser,2004-01-24,F,África do Sul,Novo,stephanie.kaiser@outlook.com,+27 33 746 8949
12,Albert Buchmann,1995-10-28,M,Austrália,Corporativo,albert.buchmann@outlook.com,+61 7 6791 6051
13,Madge Pennisi,1996-08-29,F,Colômbia,Corporativo,madge.pennisi@outlook.com,+57 961 547 0947
14,Arjun Patel,1972-01-13,M,Índia,Recorrente,arjun.patel@gmail.com,+91 15550 86176
15,Michael Doughtie,1964-12-10,M,Peru,VIP,michael.doughtie@outlook.com,+51 555 670 496
16,Mark Deakins,2006-03-28,M,Japão,Premium,mark.deakins@gmail.com,+81 80 9506 5675
17,Kyle Ramirez,2004-05-27,M,México,Corporativo,kyle.ramirez@yahoo.com,+52 076 634 4833
18,Michael Murphy,1973-12-24,M,Rússia,Premium,michael.murphy@yahoo.com,+7 730 424-44-27
19,Janet Kim,1949-12-08,F,México,Novo,janet.kim@gmail.com,+52 635 810 6904
20,Kathleen Watkins,1975-07-17,F,China,Novo,kathleen.watkins@gmail.com,+86 218 9931 8699
21,Nicky Flowers,1997-09-29,M,Espanha,VIP,nicky.flowers@hotmail.es,+34 988 855 332
22,Wayne Hauff,1987-03-13,M,Itália,Premium,wayne.hauff@outlook.com,+39 172 363 0412
23,Heather Marcotte,1970-06-28,F,México,Recorrente,heather.marcotte@gmail.com,+52 246 552 4139
24,Retha Eakin,1983-03-24,F,Chile,Corporativo,retha.eakin@yahoo.com,+56 6 0059 8036
25,Miguel Silva,2007-02-22,M,Portugal,Premium,miguel.silva@gmail.com,+351 95611 0998
26,Priya Singh,1989-03-22,F,Índia,Recorrente,priya.singh@outlook.com,+91 75867 62052
27,Robert Long,1968-10-28,M,Estados Unidos,Corporativo,robert.long@gmail.com,+1 (665) 593-8012
28,Lucy Smith,1982-07-28,F,Uruguai,Novo,lucy.smith@gmail.com,+598 3 670 67 73
29,Amit Kumar,1993-02-15,M,Índia,Premium,amit.kumar@yahoo.com,+91 16344 08734
30,Nancy Martine,1968-12-04,F,Chile,Recorrente,nancy.martine@gmail.com,+56 3 5978 8951
31,David Coleman,1981-01-30,M,China,VIP,david.coleman@gmail.com,+86 873 7734 5320
32,Catarina Santos,1999-03-25,F,Portugal,Corporativo,catarina.santos@gmail.com,+351 08986 7506
33,Glenn Salazar,1949-09-28,M,Argentina,Premium,glenn.salazar@yahoo.com,+54 (74) 6721-5667
34,Anita Gupta,1959-09-02,F,Índia,Novo,anita.gupta@outlook.com,+91 43937 10411
35,Linda Riley,1975-06-09,F,Alemanha,Corporativo,linda.riley@web.de,+49 7794 2380
36,David Tovar,1983-10-08,M,Estados Unidos,Recorrente,david.tovar@gmail.com,+1 (140) 227-7574
37,Norma Simpson,1988-10-25,F,Uruguai,Corporativo,norma.simpson@yahoo.com,+598 2 860 97 82
38,Raj Sharma,1986-08-05,M,Índia,Premium,raj.sharma@outlook.com,+91 08471 68462
39,Regina Clarke,1950-08-13,F,Brasil,Recorrente,regina.clarke@yahoo.com.br,+55 (31) 92931-3075
40,Laurie Anderson,1976-03-24,F,Chile,Premium,laurie.anderson@yahoo.com,+56 1 6613 6222
41,Lucile East,1999-08-29,F,Itália,Novo,lucile.east@gmail.com,+39 854 556 3033
42,Carolyn Haney,1968-10-04,F,Colômbia,VIP,carolyn.haney@outlook.com,+57 005 055 7722
43,Amy Jones,2000-08-07,F,México,Recorrente,amy.jones@gmail.com,+52 077 508 2405
44,Sofia Costa,1947-05-12,F,Portugal,Premium,sofia.costa@gmail.com,+351 47417 1454
45,Mark Batiste,1995-10-28,M,Chile,Novo,mark.batiste@yahoo.com,+56 1 8602 8995
46,Inês Costa,2003-09-14,F,Portugal,Novo,inês.costa@gmail.com,+351 01848 4980
47,Craig Robinson,1995-09-30,M,Argentina,Recorrente,craig.robinson@outlook.com,+54 (82) 3441-5035
48,Jennie Tan,1950-10-02,F,Chile,Corporativo,jennie.tan@gmail.com,+56 4 1856 0242
49,Mary Sullivan,2002-08-18,F,França,Recorrente,mary.sullivan@outlook.fr,+33 6 60 93 98 56
50,Eric Crim,1957-11-26,M,França,VIP,eric.crim@orange.fr,+33 5 27 49 43 34
51,Robert Livesay,1982-02-11,M,Argentina,Premium,robert.livesay@yahoo.com,+54 (49) 2753-8066
52,Saul Hassett,1946-10-08,M,China,Corporativo,saul.hassett@gmail.com,+86 657 1757 3717
53,Jocelyn Chase,1975-11-19,F,Rússia,Recorrente,jocelyn.chase@outlook.com,+7 032 884-40-54
54,Lakesha Mudget,1948-10-20,F,Argentina,Novo,lakesha.mudget@yahoo.com,+54 (63) 3722-9827
55,Terry Combs,1997-11-18,M,Austrália,VIP,terry.combs@outlook.com,+61 3 6538 1216
56,Beatriz Gruen,1999-09-25,F,Alemanha,VIP,beatriz.gruen@outlook.de,+49 7132 7423
57,Gemma Holliman,1986-01-08,F,México,Corporativo,gemma.holliman@yahoo.com,+52 710 289 3979
58,Tim Odebralski,1981-09-12,M,Canadá,Premium,tim.odebralski@yahoo.com,+1 (047) 484-9756
59,Kara Thomas,2004-04-11,F,México,VIP,kara.thomas@gmail.com,+52 354 922 9143
60,Carla Robinson,1990-01-28,F,México,Novo,carla.robinson@yahoo.com,+52 153 567 7436
61,Laura Mccullough,1952-02-17,F,África do Sul,Recorrente,laura.mccullough@yahoo.com,+27 78 373 9884
62,Patricia Padilla,1956-07-11,F,Itália,VIP,patricia.padilla@yahoo.com,+39 990 707 3599
63,Jonathon Stancill,1946-04-15,M,Alemanha,VIP,jonathon.stancill@outlook.de,+49 0794 5447
64,Barbara Prada,1953-05-29,F,Alemanha,Corporativo,barbara.prada@web.de,+49 3879 4189
65,Warren Miller,1955-01-07,M,Estados Unidos,Premium,warren.miller@aol.com,+1 (181) 994-4053
66,Shawn Willis,1972-02-29,M,Brasil,VIP,shawn.willis@hotmail.com,+55 (01) 95317-7097
67,Tara Taylor,1965-10-12,F,Peru,Recorrente,tara.taylor@gmail.com,+51 575 780 059
68,Ed Lister,1964-05-25,M,Itália,Recorrente,ed.lister@yahoo.com,+39 603 308 2999
69,Abigail Cullen,1986-06-30,F,Espanha,Corporativo,abigail.cullen@hotmail.es,+34 530 391 822
70,Randy Yusef,2005-11-23,M,Uruguai,Novo,randy.yusef@outlook.com,+598 8 532 61 40
71,Stephen Cables,1980-07-27,M,Estados Unidos,Novo,stephen.cables@outlook.com,+1 (383) 367-6959
72,Barbara Lopez,1951-09-21,F,Rússia,VIP,barbara.lopez@outlook.com,+7 718 339-26-37
73,Vanessa Lee,1946-03-31,F,Reino Unido,Recorrente,vanessa.lee@outlook.com,+44 8518 456 530
74,William James,1988-11-02,M,Brasil,Recorrente,william.james@gmail.com,+55 (82) 97804-5099
75,John Steele,1996-11-17,M,Japão,Recorrente,john.steele@outlook.jp,+81 11 1254 5128
76,Philip Caldwell,1999-10-01,M,Reino Unido,Premium,philip.caldwell@aol.com,+44 0322 025 663
77,Monica Hass,1961-12-19,F,França,Premium,monica.hass@orange.fr,+33 1 80 97 41 35
78,Carl Miles,1945-04-03,M,Colômbia,VIP,carl.miles@gmail.com,+57 475 876 6292
79,Bill Endo,1982-06-02,M,Itália,Corporativo,bill.endo@yahoo.com,+39 784 390 8364
80,John Bradshaw,1981-02-17,M,Itália,VIP,john.bradshaw@outlook.com,+39 398 979 5472
81,Maria Santos,2006-01-07,F,Portugal,Recorrente,maria.santos@mail.pt,+351 27878 5324
82,Sarah Schroeter,1981-01-13,F,Uruguai,Corporativo,sarah.schroeter@yahoo.com,+598 9 757 98 73
83,Mary Allen,1954-07-07,F,França,Novo,mary.allen@orange.fr,+33 8 29 99 68 76
84,James Williams,1965-07-01,M,Alemanha,Premium,james.williams@web.de,+49 9413 6271
85,Christopher Velasquez,1966-03-03,M,Peru,VIP,christopher.velasquez@outlook.com,+51 941 541 869
86,Wendell Chapman,1980-01-26,M,Peru,Corporativo,wendell.chapman@yahoo.com,+51 594 427 362
87,Michael Opatz,1975-12-31,M,Alemanha,Recorrente,michael.opatz@web.de,+49 9503 6824
88,Gladys Igtanloc,1996-10-17,F,Peru,Recorrente,gladys.igtanloc@yahoo.com,+51 893 012 421
89,Heidi Watson,1997-07-08,F,Alemanha,Premium,heidi.watson@yahoo.de,+49 8298 0320
90,Barbara Reichert,1950-05-30,F,Chile,Premium,barbara.reichert@yahoo.com,+56 2 6772 4211
91,Stephen Shaw,1967-01-25,M,Peru,Novo,stephen.shaw@yahoo.com,+51 370 006 338
92,Sanjay Sharma,1945-02-23,M,Índia,Corporativo,sanjay.sharma@gmail.com,+91 79404 60997
93,Sanjay Singh,1997-11-08,M,Índia,Novo,sanjay.singh@yahoo.com,+91 74593 18382
94,Esther Gau,1969-12-30,F,Argentina,Novo,esther.gau@gmail.com,+54 (20) 9626-8309
95,Zachary Harris,1964-03-11,M,Brasil,Recorrente,zachary.harris@gmail.com,+55 (18) 96005-7902
96,Elaine Gist,2000-01-27,F,Espanha,Corporativo,elaine.gist@yahoo.es,+34 755 433 761
97,Judy Ouellette,1998-07-22,F,Uruguai,VIP,judy.ouellette@outlook.com,+598 0 696 87 72
98,Jason Borgeson,1946-04-11,M,Rússia,VIP,jason.borgeson@outlook.com,+7 351 498-67-40
99,Carl Ramos,1963-04-29,M,França,Novo,carl.ramos@orange.fr,+33 7 62 50 43 51
100,Albert Matesic,1953-10-31,M,México,Premium,albert.matesic@outlook.com,+52 651 647 2633
101,Ryan Weaver,1972-10-15,M,Reino Unido,Corporativo,ryan.weaver@yahoo.co.uk,+44 3401 221 837
102,James Spiegel,1982-06-30,M,Uruguai,Novo,james.spiegel@outlook.com,+598 7 608 55 37
103,Gary Mitchell,1969-04-17,M,Reino Unido,Novo,gary.mitchell@gmail.com,+44 8030 774 864
104,Kristi Enright,1948-05-05,F,Japão,Novo,kristi.enright@yahoo.co.jp,+81 00 6381 3501
105,Randolph Tharpe,1980-07-04,M,Itália,Novo,randolph.tharpe@gmail.com,+39 483 256 4615
106,Sarah Barton,1988-10-15,F,Peru,Premium,sarah.barton@yahoo.com,+51 739 749 136
107,Gary Slater,1985-03-31,M,Austrália,Premium,gary.slater@yahoo.com,+61 4 1365 9826
108,Spencer Adams,1966-07-12,M,Brasil,Premium,spencer.adams@gmail.com,+55 (34) 90095-9786
109,Ana Oliveira,1997-05-31,F,Portugal,Novo,ana.oliveira@sapo.pt,+351 56653 5696
110,Lorene Pimentel,1944-11-14,F,Reino Unido,Premium,lorene.pimentel@outlook.com,+44 7375 942 224
111,Ralph Dunn,1989-03-11,M,Alemanha,Premium,ralph.dunn@web.de,+49 8260 7935
112,Herman Martin,1976-08-23,M,Colômbia,Corporativo,herman.martin@outlook.com,+57 391 341 1472
113,Bryant Crumpton,1995-08-06,M,Japão,Premium,bryant.crumpton@docomo.ne.jp,+81 71 0059 8310
114,Charles Anderson,1974-10-09,M,Uruguai,Premium,charles.anderson@yahoo.com,+598 5 581 83 53
115,James Laborde,1948-01-03,M,Japão,Premium,james.laborde@yahoo.co.jp,+81 55 4118 2577
116,Blake Burns,1966-05-22,M,Brasil,VIP,blake.burns@outlook.com,+55 (98) 90845-9025
117,Geneva Livingston,1964-06-25,F,Alemanha,VIP,geneva.livingston@web.de,+49 0787 3125
118,Tyron Wellenstein,1959-09-14,M,México,Novo,tyron.wellenstein@yahoo.com,+52 782 217 0326
119,Gloria Stanley,1964-09-23,F,Uruguai,Corporativo,gloria.stanley@yahoo.com,+598 1 279 96 90
120,Oscar Wilson,1993-06-07,M,Argentina,Premium,oscar.wilson@yahoo.com,+54 (43) 2200-6325
121,Mary Bates,1945-11-05,F,Alemanha,Recorrente,mary.bates@outlook.de,+49 7852 6768
122,Kevin Ferguson,1953-06-27,M,Itália,Recorrente,kevin.ferguson@gmail.com,+39 869 994 6900
123,James Slonaker,1974-06-06,M,Japão,Novo,james.slonaker@yahoo.co.jp,+81 97 2141 2275
124,Joyce Whitmore,1994-10-01,F,Argentina,Premium,joyce.whitmore@yahoo.com,+54 (94) 7533-9792
125,Elisa Scott,1946-07-17,F,Reino Unido,Novo,elisa.scott@outlook.com,+44 0614 697 521
126,Theresa Griffin,1993-11-06,F,Japão,Recorrente,theresa.griffin@yahoo.co.jp,+81 81 9666 8312
127,Zaida Shiplett,1991-05-08,F,Argentina,Novo,zaida.shiplett@yahoo.com,+54 (18) 8855-6596
128,Sandra Flynn,1989-11-25,F,Canadá,Novo,sandra.flynn@yahoo.com,+1 (540) 438-5004
129,Harvey Moran,1958-02-20,M,África do Sul,VIP,harvey.moran@yahoo.com,+27 96 626 9270
130,Charles Brooks,1960-04-03,M,Colômbia,Premium,charles.brooks@gmail.com,+57 545 054 9224
131,Van Botha,1986-02-24,M,Reino Unido,Premium,van.botha@gmail.com,+44 9950 704 565
132,Lee Jenkins,1984-08-11,M,Austrália,VIP,lee.jenkins@outlook.com,+61 4 9327 5626
133,Fred Bohannon,1985-03-13,M,Itália,VIP,fred.bohannon@gmail.com,+39 035 718 2840
134,Chris Miranda,1950-10-13,M,Colômbia,Corporativo,chris.miranda@gmail.com,+57 987 536 6231
135,Robert Rodriguez,1971-03-20,M,Uruguai,Corporativo,robert.rodriguez@yahoo.com,+598 0 189 80 51
136,John Behanna,1965-12-09,M,Peru,Recorrente,john.behanna@yahoo.com,+51 181 275 924
137,Gloria Selley,1978-03-17,F,Peru,Recorrente,gloria.selley@gmail.com,+51 662 926 036
138,Maria Castillo,2000-01-21,F,Chile,Novo,maria.castillo@gmail.com,+56 2 3504 8667
139,Eva Hayward,2001-09-24,F,Canadá,Corporativo,eva.hayward@gmail.com,+1 (989) 248-8511
140,Kirk Baker,1971-11-10,M,Espanha,VIP,kirk.baker@gmail.com,+34 027 378 377
141,Fred Tidwell,1990-09-05,M,Chile,Recorrente,fred.tidwell@gmail.com,+56 8 2396 6969
142,George Harrison,1961-02-13,M,Colômbia,Premium,george.harrison@yahoo.com,+57 627 115 9753
143,Wanda Cummins,1960-01-13,F,Peru,Recorrente,wanda.cummins@yahoo.com,+51 300 448 283
144,Thomas Ramos,1965-04-16,M,Austrália,Premium,thomas.ramos@yahoo.com,+61 5 8528 1541
145,John Thrasher,1987-01-18,M,Estados Unidos,Novo,john.thrasher@outlook.com,+1 (843) 811-1353
146,Elsie Krizan,1986-02-17,F,África do Sul,Corporativo,elsie.krizan@yahoo.com,+27 52 473 0414
147,Anthony Shetterly,1991-03-27,M,Austrália,Recorrente,anthony.shetterly@yahoo.com,+61 5 8941 3703
148,Amy Miller,1997-12-07,F,Argentina,Premium,amy.miller@yahoo.com,+54 (48) 1505-7465
149,James Yost,1974-03-05,M,Estados Unidos,Novo,james.yost@yahoo.com,+1 (808) 377-1104
150,Theodore Cook,1955-08-04,M,China,Premium,theodore.cook@gmail.com,+86 745 4995 6623
151,Dr. Kimberly Williams,2003-09-03,F,Brasil,Novo,dr..kimberly.williams@outlook.com,+55 (48) 92635-3406
152,Robert Cross,1975-12-02,M,Brasil,Corporativo,robert.cross@yahoo.com.br,+55 (71) 90196-4694
153,Carlos Martin,1956-01-10,M,Canadá,Corporativo,carlos.martin@outlook.com,+1 (026) 847-8819
154,Jesse Gutierrez,1978-12-08,M,Reino Unido,VIP,jesse.gutierrez@outlook.com,+44 0116 419 787
155,Meera Singh,1969-09-15,F,Índia,Novo,meera.singh@yahoo.com,+91 37637 01585
156,Willard Gore,2005-12-31,M,Argentina,Corporativo,willard.gore@gmail.com,+54 (32) 9862-7713
157,Barbara Lopez,1953-10-21,F,México,Premium,barbara.lopez@outlook.com,+52 173 776 3252
158,Bernice Crawford,1978-02-01,F,México,Corporativo,bernice.crawford@gmail.com,+52 534 293 4753
159,Bradley Schultz,1962-07-12,M,China,Premium,bradley.schultz@163.com,+86 222 5746 1254
160,Brandon Gordon,1952-10-07,M,Brasil,Novo,brandon.gordon@yahoo.com.br,+55 (99) 90223-3229
161,Dorothy Flecha,1994-01-21,F,Itália,Recorrente,dorothy.flecha@gmail.com,+39 847 554 2559
162,Luis Rushing,1955-12-16,M,Alemanha,Recorrente,luis.rushing@web.de,+49 2014 9529
163,Lorena Rogan,1947-12-10,F,Reino Unido,Recorrente,lorena.rogan@aol.com,+44 0193 235 599
164,John Wiesner,2002-12-25,M,Colômbia,VIP,john.wiesner@gmail.com,+57 935 980 5928
165,Katharina Jackson,1962-08-30,F,França,Novo,katharina.jackson@outlook.fr,+33 1 92 63 13 04
166,Lois Swanson,1951-11-10,F,Estados Unidos,Corporativo,lois.swanson@yahoo.com,+1 (932) 148-6078
167,Annamarie Lipscomb,2006-07-02,F,França,Recorrente,annamarie.lipscomb@gmail.com,+33 8 50 15 62 25
168,Stanley Boston,1978-10-12,M,África do Sul,VIP,stanley.boston@gmail.com,+27 35 500 4508
169,Bert Marquez,2006-09-04,M,Canadá,VIP,bert.marquez@outlook.com,+1 (166) 612-6984
170,Edward Land,2005-04-21,M,Austrália,VIP,edward.land@gmail.com,+61 5 4743 7672
171,Audrey Grabau,1985-07-01,F,Espanha,Recorrente,audrey.grabau@outlook.es,+34 519 527 088
172,Julie Mancuso,1952-12-22,F,África do Sul,Premium,julie.mancuso@outlook.com,+27 49 548 8192
173,Ernie Hines,1986-12-12,M,Peru,Recorrente,ernie.hines@yahoo.com,+51 156 576 736
174,Stephen Broddy,2001-12-11,M,Rússia,Corporativo,stephen.broddy@yahoo.com,+7 175 746-52-77
175,Marty Olson,1981-12-14,M,Espanha,Novo,marty.olson@outlook.es,+34 009 257 215
176,Tenesha Morrison,1986-08-02,F,Estados Unidos,Novo,tenesha.morrison@aol.com,+1 (333) 328-3153
177,Travis Mcdermott,1985-10-11,M,Itália,VIP,travis.mcdermott@gmail.com,+39 938 551 4024
178,Andrew Dupas,1993-06-16,M,França,Premium,andrew.dupas@gmail.com,+33 7 47 49 28 46
179,Sanjay Sharma,1945-10-20,M,Índia,Corporativo,sanjay.sharma@yahoo.com,+91 61526 41086
180,Jesus Enriquez,1984-04-08,M,Alemanha,Novo,jesus.enriquez@yahoo.de,+49 6723 7598
181,Mario Holland,1992-07-01,M,Canadá,VIP,mario.holland@yahoo.com,+1 (225) 315-0924
182,Della Trevathan,1961-03-30,F,Colômbia,VIP,della.trevathan@outlook.com,+57 132 908 3527
183,Myrtle Queen,1977-06-17,F,Estados Unidos,VIP,myrtle.queen@gmail.com,+1 (269) 841-2747
184,Elizabeth Johnson,1986-07-01,F,Brasil,VIP,elizabeth.johnson@hotmail.com,+55 (67) 93173-5213
185,Carlos Santos,1969-11-14,M,Portugal,VIP,carlos.santos@outlook.pt,+351 40159 9804
186,Donna Branch,1947-09-19,F,França,Novo,donna.branch@gmail.com,+33 5 94 07 75 62
187,Richard Johnson,1994-09-23,M,Uruguai,Premium,richard.johnson@yahoo.com,+598 4 739 91 98
188,Joseph Rodriguez,1978-06-08,M,Peru,Corporativo,joseph.rodriguez@yahoo.com,+51 017 628 916
189,Pearl Head,1961-11-10,F,Rússia,Corporativo,pearl.head@yahoo.com,+7 052 172-73-64
190,Linda Wilson,1959-02-20,F,Chile,Corporativo,linda.wilson@outlook.com,+56 9 2914 7375
191,Sanjay Patel,1972-08-25,M,Índia,Recorrente,sanjay.patel@yahoo.com,+91 20507 44776
192,Robert Harris,1950-06-18,M,China,Recorrente,robert.harris@sina.com,+86 551 5475 1062
193,Katie Ware,1990-05-18,F,Brasil,Recorrente,katie.ware@gmail.com,+55 (81) 99738-1899
194,Jerome Sanders,1973-10-14,M,Estados Unidos,VIP,jerome.sanders@aol.com,+1 (718) 687-9454
195,Mary Deines,1991-03-03,F,Chile,Premium,mary.deines@gmail.com,+56 6 3223 8912
196,William Cruz,1967-08-30,M,África do Sul,Recorrente,william.cruz@gmail.com,+27 35 033 3589
197,Jeffrey Bowman,1946-02-26,M,México,Corporativo,jeffrey.bowman@yahoo.com,+52 619 407 9804
198,Robert Campbell,1998-06-24,M,Uruguai,Novo,robert.campbell@gmail.com,+598 8 298 91 58
199,Francis Shelton,1971-08-25,M,Reino Unido,Novo,francis.shelton@aol.com,+44 5440 462 584
200,John Dostie,1968-11-05,M,China,Recorrente,john.dostie@163.com,+86 916 5486 3158
